Call address,Destination,Module,Function,new
0xa577e5,0x6a1fb730,umbraoptimizer32.dll,?getOptimizerInfoValue@Umbra@@YAHW4InfoValue@1@@Z,false
0xa577eb,0x6a1fcbb0,umbraoptimizer32.dll,?insertObject@Scene@Umbra@@QAEPBVSceneObject@2@PBVSceneModel@2@ABVMatrix4x4@2@IIW4MatrixFormat@2@W4TriangleWinding@2@PBVVector2@2@PBVVector3@2@5@Z,false
0xa577f1,0x6a1fdbd0,umbraoptimizer32.dll,?insertModel@Scene@Umbra@@QAEPBVSceneModel@2@PBMPBGHHHM@Z,false
0xa577f7,0x6a343110,steam_api.dll,SteamApps,false
0xa577fd,0x6a3431a0,steam_api.dll,SteamFriends,false
0xa57803,0x6a342de0,steam_api.dll,SteamAPI_Init,false
0xa57809,0x6a343210,steam_api.dll,SteamUser,false
0xa5780f,0x6a3430d0,steam_api.dll,SteamAPI_Shutdown,false
0xa57815,0x603590a2,awesomium.dll,?CreateFromUTF8@WebString@Awesomium@@SA?AV12@PBDI@Z,false
0xa5781b,0x60358e76,awesomium.dll,??1WebString@Awesomium@@QAE@XZ,false
0xa57821,0x60357d0f,awesomium.dll,?Shutdown@WebCore@Awesomium@@SAXXZ,false
0xa57827,0x60357ba3,awesomium.dll,??0WebConfig@Awesomium@@QAE@XZ,false
0xa5782d,0x60359088,awesomium.dll,??4WebString@Awesomium@@QAEAAV01@ABV01@@Z,false
0xa57833,0x60357cc8,awesomium.dll,?Initialize@WebCore@Awesomium@@SAPAV12@ABUWebConfig@2@@Z,false
0xa57839,0x60351eb9,awesomium.dll,??0WebPreferences@Awesomium@@QAE@XZ,false
0xa5783f,0x60356033,awesomium.dll,??0WebURL@Awesomium@@QAE@ABVWebString@1@@Z,false
0xa57845,0x6037f3d5,awesomium.dll,??1WebURL@Awesomium@@QAE@XZ,false
0xa5784b,0x6032ef35,awesomium.dll,??1WebPreferences@Awesomium@@QAE@XZ,false
0xa57851,0x6032edb3,awesomium.dll,??1WebConfig@Awesomium@@QAE@XZ,false
0xa57857,0x605d2d13,awesomium.dll,?height@BitmapSurface@Awesomium@@QBEHXZ,false
0xa5785d,0x60856f54,awesomium.dll,?width@BitmapSurface@Awesomium@@QBEHXZ,false
0xa57863,0x60815d54,awesomium.dll,?buffer@BitmapSurface@Awesomium@@QBEPBEXZ,false
0xa57869,0x5f3e6320,ngclient.aes,Ordinal#1,false
0xa5786f,0x5f3e62c0,ngclient.aes,Ordinal#2,false
0xa57875,0x76efc860,ntdll.dll,RtlInitializeCriticalSection,false
0xa5787b,0x76ecfc70,ntdll.dll,RtlDeleteCriticalSection,false
0xa57881,0x76ee00b0,ntdll.dll,RtlEnterCriticalSection,false
0xa57887,0x76ede8b0,ntdll.dll,RtlLeaveCriticalSection,false
0xa5788d,0x7584ea80,kernel32.dll,InterlockedIncrement,false
0xa57893,0x7584eb00,kernel32.dll,InterlockedDecrement,false
0xa57899,0x7584e290,kernel32.dll,WideCharToMultiByte,false
0xa5789f,0x7584e250,kernel32.dll,TlsSetValue,false
0xa578a5,0x7584e1c0,kernel32.dll,TlsGetValue,false
0xa578ab,0x7584e1b0,kernel32.dll,GetCurrentThreadId,false
0xa578b1,0x75850720,kernel32.dll,SizeofResource,false
0xa578b7,0x7584f5e0,kernel32.dll,LockResource,false
0xa578bd,0x7584eae0,kernel32.dll,LoadResource,false
0xa578c3,0x75842eb0,kernel32.dll,FindResourceA,false
0xa578c9,0x7584b4b0,kernel32.dll,FindResourceExA,false
0xa578cf,0x75850660,kernel32.dll,GetACP,false
0xa578d5,0x758510f0,kernel32.dll,GetModuleHandleW,false
0xa578db,0x7584e240,kernel32.dll,SetLastError,false
0xa578e1,0x7584f7f0,kernel32.dll,GetProcAddress,false
0xa578e7,0x7584e350,kernel32.dll,lstrlenW,false
0xa578ed,0x7584e220,kernel32.dll,MultiByteToWideChar,false
0xa578f3,0x75851bb0,kernel32.dll,GetSystemInfo,false
0xa578f9,0x758510d0,kernel32.dll,GetModuleFileNameA,false
0xa578ff,0x75850e70,kernel32.dll,LoadLibraryA,false
0xa57905,0x75850d80,kernel32.dll,FreeLibrary,false
0xa5790b,0x7584e2b0,kernel32.dll,GetLastError,false
0xa57911,0x758506e0,kernel32.dll,lstrlenA,false
0xa57917,0x75849350,kernel32.dll,OutputDebugStringA,false
0xa5791d,0x75848880,kernel32.dll,GetNumberFormatW,false
0xa57923,0x758530f0,kernel32.dll,GetCurrentProcess,false
0xa57929,0x75853100,kernel32.dll,GetCurrentProcessId,false
0xa5792f,0x75850ba0,kernel32.dll,GetModuleFileNameW,false
0xa57935,0x75851960,kernel32.dll,LoadLibraryW,false
0xa5793b,0x7584ea50,kernel32.dll,GetCurrentThread,false
0xa57941,0x75849910,kernel32.dll,TerminateProcess,false
0xa57947,0x75850850,kernel32.dll,RaiseException,false
0xa5794d,0x758531e0,kernel32.dll,CreateMutexA,false
0xa57953,0x758519c0,kernel32.dll,SetUnhandledExceptionFilter,false
0xa57959,0x75850890,kernel32.dll,GlobalAlloc,false
0xa5795f,0x7584e420,kernel32.dll,GlobalLock,false
0xa57965,0x7584e370,kernel32.dll,GlobalUnlock,false
0xa5796b,0x758511a0,kernel32.dll,Sleep,false
0xa57971,0x75848da0,kernel32.dll,WritePrivateProfileStringA,false
0xa57977,0x75851640,kernel32.dll,GetComputerNameW,false
0xa5797d,0x75851980,kernel32.dll,QueryPerformanceFrequency,false
0xa57983,0x7584e1e0,kernel32.dll,QueryPerformanceCounter,false
0xa57989,0x758919c0,kernel32.dll,SetThreadAffinityMask,false
0xa5798f,0x7584b750,kernel32.dll,GetPrivateProfileIntA,false
0xa57995,0x7584b7d0,kernel32.dll,GetPrivateProfileStringA,false
0xa5799b,0x75852080,kernel32.dll,GlobalMemoryStatusEx,false
0xa579a1,0x75850d00,kernel32.dll,GetModuleHandleA,false
0xa579a7,0x75851a00,kernel32.dll,GetVersionExA,false
0xa579ad,0x7584eaa0,kernel32.dll,lstrcmpiA,false
0xa579b3,0x75853450,kernel32.dll,FindFirstFileA,false
0xa579b9,0x758534c0,kernel32.dll,FindNextFileA,false
0xa579bf,0x75853410,kernel32.dll,FindClose,false
0xa579c5,0x75850e00,kernel32.dll,GetLocalTime,false
0xa579cb,0x758511b0,kernel32.dll,CreateThread,false
0xa579d1,0x758533a0,kernel32.dll,CreateFileA,false
0xa579d7,0x75853820,kernel32.dll,WriteFile,false
0xa579dd,0x75853150,kernel32.dll,CloseHandle,false
0xa579e3,0x75865840,kernel32.dll,GetCurrentDirectoryA,false
0xa579e9,0x75852180,kernel32.dll,GetCommandLineA,false
0xa579ef,0x758535d0,kernel32.dll,GetFileSize,false
0xa579f5,0x75853730,kernel32.dll,ReadFile,false
0xa579fb,0x75889930,kernel32.dll,GetPrivateProfileStructA,false
0xa57a01,0x758513e0,kernel32.dll,TlsAlloc,false
0xa57a07,0x75851210,kernel32.dll,TlsFree,false
0xa57a0d,0x758483c0,kernel32.dll,lstrcpyA,false
0xa57a13,0x75849080,kernel32.dll,GetComputerNameA,false
0xa57a19,0x75848c30,kernel32.dll,FormatMessageA,false
0xa57a1f,0x758537c0,kernel32.dll,SetFilePointer,false
0xa57a25,0x75853580,kernel32.dll,GetFileAttributesA,false
0xa57a2b,0x75848990,kernel32.dll,GetEnvironmentVariableA,false
0xa57a31,0x75867250,kernel32.dll,SuspendThread,false
0xa57a37,0x75865c90,kernel32.dll,GetThreadContext,false
0xa57a3d,0x75851b90,kernel32.dll,ResumeThread,false
0xa57a43,0x75866830,kernel32.dll,ReadProcessMemory,false
0xa57a49,0x758531a0,kernel32.dll,CreateEventA,false
0xa57a4f,0x75850960,kernel32.dll,SetThreadPriority,false
0xa57a55,0x758532e0,kernel32.dll,ResetEvent,false
0xa57a5b,0x75853340,kernel32.dll,WaitForSingleObject,false
0xa57a61,0x758532c0,kernel32.dll,ReleaseMutex,false
0xa57a67,0x75846230,kernel32.dll,CreateSemaphoreA,false
0xa57a6d,0x758532d0,kernel32.dll,ReleaseSemaphore,false
0xa57a73,0x75845bd0,kernel32.dll,InterlockedExchangeAdd,false
0xa57a79,0x750c0680,user32.dll,MessageBoxA,false
0xa57a7f,0x75067bb0,user32.dll,wsprintfW,false
0xa57a85,0x7507f0a0,user32.dll,SetRect,false
0xa57a8b,0x76f28620,ntdll.dll,NtdllDefWindowProc_A,false
0xa57a91,0x750829c0,user32.dll,SetCapture,false
0xa57a97,0x750815bc,user32.dll,SetCursor,false
0xa57a9d,0x75082d00,user32.dll,ShowCursor,false
0xa57aa3,0x75069510,user32.dll,ReleaseCapture,false
0xa57aa9,0x750809e0,user32.dll,LoadCursorA,false
0xa57aaf,0x75080f20,user32.dll,PostQuitMessage,false
0xa57ab5,0x75081990,user32.dll,BeginPaint,false
0xa57abb,0x75081d90,user32.dll,EndPaint,false
0xa57ac1,0x75075430,user32.dll,GetClientRect,false
0xa57ac7,0x750647d0,user32.dll,ClientToScreen,false
0xa57acd,0x75081a50,user32.dll,ClipCursor,false
0xa57ad3,0x7506a040,user32.dll,LoadIconA,false
0xa57ad9,0x75062450,user32.dll,RegisterClassA,false
0xa57adf,0x75075090,user32.dll,GetSystemMetrics,false
0xa57ae5,0x7506bf00,user32.dll,AdjustWindowRect,false
0xa57aeb,0x75068910,user32.dll,CreateWindowExA,false
0xa57af1,0x750684b0,user32.dll,SetWindowLongA,false
0xa57af7,0x75082cd0,user32.dll,SetWindowPos,false
0xa57afd,0x75082d30,user32.dll,ShowWindow,false
0xa57b03,0x75074c50,user32.dll,UpdateWindow,false
0xa57b09,0x750751b0,user32.dll,GetWindowRect,false
0xa57b0f,0x7507a6a0,user32.dll,GetDesktopWindow,false
0xa57b15,0x75082590,user32.dll,MoveWindow,false
0xa57b1b,0x75079970,user32.dll,GetDlgItem,false
0xa57b21,0x75064670,user32.dll,SendMessageA,false
0xa57b27,0x7506bde0,user32.dll,LoadBitmapA,false
0xa57b2d,0x75082420,user32.dll,InvalidateRect,false
0xa57b33,0x7506ae30,user32.dll,EndDialog,false
0xa57b39,0x7509f000,user32.dll,DialogBoxParamA,false
0xa57b3f,0x75068350,user32.dll,FindWindowA,false
0xa57b45,0x75082ac0,user32.dll,SetFocus,false
0xa57b4b,0x75080d90,user32.dll,SetForegroundWindow,false
0xa57b51,0x75082970,user32.dll,SetActiveWindow,false
0xa57b57,0x7507bd90,user32.dll,PeekMessageW,false
0xa57b5d,0x7507ab40,user32.dll,TranslateMessage,false
0xa57b63,0x75068250,user32.dll,DispatchMessageA,false
0xa57b69,0x7507c970,user32.dll,GetKeyState,false
0xa57b6f,0x75081fc0,user32.dll,GetKeyboardState,false
0xa57b75,0x7506bbc0,user32.dll,ToAscii,false
0xa57b7b,0x75069aa0,user32.dll,OpenClipboard,false
0xa57b81,0x7506c5d0,user32.dll,EmptyClipboard,false
0xa57b87,0x75068620,user32.dll,SetClipboardData,false
0xa57b8d,0x7506bb00,user32.dll,CloseClipboard,false
0xa57b93,0x75069080,user32.dll,IsClipboardFormatAvailable,false
0xa57b99,0x7507f290,user32.dll,GetDC,false
0xa57b9f,0x7506c580,user32.dll,SetClipboardViewer,false
0xa57ba5,0x7506c4e0,user32.dll,ChangeClipboardChain,false
0xa57bab,0x750684d0,user32.dll,GetClipboardData,false
0xa57bb7,0x75064790,user32.dll,PtInRect,false
0xa57bbd,0x7507af40,user32.dll,OffsetRect,false
0xa57bc3,0x75068270,user32.dll,SystemParametersInfoA,false
0xa57bc9,0x7507f060,user32.dll,EqualRect,false
0xa57bcf,0x7506e110,user32.dll,InflateRect,false
0xa57bd5,0x75065b30,user32.dll,GetPhysicalCursorPos,false
0xa57bdb,0x750795b0,user32.dll,ScreenToClient,false
0xa57be1,0x7507ec30,user32.dll,ReleaseDC,false
0xa57be7,0x750c9df0,user32.dll,ChangeDisplaySettingsA,false
0xa57bed,0x75df5f50,gdi32.dll,GetStockObject,false
0xa57bf3,0x75df6d90,gdi32.dll,CreateCompatibleDC,false
0xa57bf9,0x75df6ca0,gdi32.dll,SelectObject,false
0xa57bff,0x75df6de0,gdi32.dll,BitBlt,false
0xa57c05,0x75df6890,gdi32.dll,DeleteDC,false
0xa57c0b,0x75df5880,gdi32.dll,DeleteObject,false
0xa57c11,0x75dfae70,gdi32.dll,GetDeviceGammaRamp,false
0xa57c17,0x75df8ed0,gdi32.dll,SetDeviceGammaRamp,false
0xa57c1d,0x75df50f0,gdi32.dll,CreateDCA,false
0xa57c23,0x75df5fc0,gdi32.dll,GetDeviceCaps,false
0xa57c29,0x75df5e80,gdi32.dll,CreateDIBSection,false
0xa57c2f,0x75df52a0,gdi32.dll,CreateFontA,false
0xa57c35,0x75df6fc0,gdi32.dll,SetBkMode,false
0xa57c3b,0x75df6e90,gdi32.dll,SetTextColor,false
0xa57c41,0x75df5170,gdi32.dll,TextOutA,false
0xa57c47,0x75505390,comdlg32.dll,ChooseColorA,false
0xa57c4d,0x75d2f240,advapi32.dll,RegOpenKeyExA,false
0xa57c53,0x75d2f080,advapi32.dll,RegQueryValueExA,false
0xa57c59,0x75d306f0,advapi32.dll,RegSetValueExA,false
0xa57c5f,0x75d2f150,advapi32.dll,RegCloseKey,false
0xa57c65,0x75d2f580,advapi32.dll,RegCreateKeyExA,false
0xa57c6b,0x75d2f940,advapi32.dll,GetUserNameW,false
0xa57c71,0x75d2efe0,advapi32.dll,RegOpenKeyExW,false
0xa57c77,0x75d2ef10,advapi32.dll,RegQueryValueExW,false
0xa57c7d,0x75d339f0,advapi32.dll,GetUserNameA,false
0xa57c83,0x76819cb0,ole32.dll,CoInitialize,false
0xa57c89,0x75acaab0,combase.dll,CoCreateInstance,false
0xa57c8f,0x75a9d3b0,combase.dll,CoUninitialize,false
0xa57c95,0x75423d70,oleaut32.dll,VariantInit,false
0xa57c9b,0x7542fa70,oleaut32.dll,SysAllocString,false
0xa57ca1,0x7542ec30,oleaut32.dll,SysFreeString,false
0xcedcb1,0x6a40405f,msvcr90.dll,_aligned_malloc,false
0xcedcf1,0x6a404040,msvcr90.dll,_aligned_free,false
0xf60c3d,0x767b35f0,shlwapi.dll,StrCmpW,false
0xf60c43,0x767c71d0,shlwapi.dll,StrCatW,false
0xf60c49,0x767be360,shlwapi.dll,PathCanonicalizeA,false
0xf60c4f,0x767be940,shlwapi.dll,PathStripPathA,false
0xf60c55,0x767be3a0,shlwapi.dll,PathCombineA,false
0xf60c5b,0x767b7830,shlwapi.dll,PathCombineW,false
0xf60c61,0x767b59c0,shlwapi.dll,PathIsRelativeW,false
0xf60c67,0x767b63a0,shlwapi.dll,PathAppendW,false
0xf60c6d,0x767b5280,shlwapi.dll,PathFindExtensionW,false
0xf60c73,0x767b5950,shlwapi.dll,PathRemoveExtensionW,false
0xf60c79,0x6a0f5ebb,msvcp90.dll,??1?$basic_string@DU?$char_traits@D@std@@V?$allocator@D@2@@std@@QAE@XZ,false
0xf60c7f,0x6a0f506e,msvcp90.dll,?data@?$basic_string@DU?$char_traits@D@std@@V?$allocator@D@2@@std@@QBEPBDXZ,false
0xf60c85,0x6a0f7286,msvcp90.dll,??0?$basic_string@DU?$char_traits@D@std@@V?$allocator@D@2@@std@@QAE@ABV01@II@Z,false
0xf60c8b,0x6a0f506e,msvcp90.dll,?data@?$basic_string@DU?$char_traits@D@std@@V?$allocator@D@2@@std@@QBEPBDXZ,false
0xf60c91,0x6a0f7149,msvcp90.dll,??0?$basic_string@DU?$char_traits@D@std@@V?$allocator@D@2@@std@@QAE@PBD@Z,false
0xf60ca3,0x6a0f5e81,msvcp90.dll,??0?$basic_string@DU?$char_traits@D@std@@V?$allocator@D@2@@std@@QAE@XZ,false
0xf60ca9,0x6a0fd930,msvcp90.dll,?length@?$basic_string@DU?$char_traits@D@std@@V?$allocator@D@2@@std@@QBEIXZ,false
0xf60caf,0x6a0f72b6,msvcp90.dll,??4?$basic_string@DU?$char_traits@D@std@@V?$allocator@D@2@@std@@QAEAAV01@PBD@Z,false
0xf60cb5,0x6a108a4b,msvcp90.dll,??0?$basic_string@GU?$char_traits@G@std@@V?$allocator@G@2@@std@@QAE@ABV01@@Z,false
0xf60cbb,0x6a100993,msvcp90.dll,?_Myptr@?$basic_string@GU?$char_traits@G@std@@V?$allocator@G@2@@std@@IBEPBGXZ,false
0xf60cc1,0x6a100993,msvcp90.dll,?_Myptr@?$basic_string@GU?$char_traits@G@std@@V?$allocator@G@2@@std@@IBEPBGXZ,false
0xf60cc7,0x6a106075,msvcp90.dll,??1?$basic_string@GU?$char_traits@G@std@@V?$allocator@G@2@@std@@QAE@XZ,false
0xf60ccd,0x6a105aeb,msvcp90.dll,??$?8GU?$char_traits@G@std@@V?$allocator@G@1@@std@@YA_NABV?$basic_string@GU?$char_traits@G@std@@V?$allocator@G@2@@0@PBG@Z,false
0xf60cd3,0x6a105974,msvcp90.dll,??$?MDU?$char_traits@D@std@@V?$allocator@D@1@@std@@YA_NABV?$basic_string@DU?$char_traits@D@std@@V?$allocator@D@2@@0@0@Z,false
0xf60cd9,0x6a100993,msvcp90.dll,?_Myptr@?$basic_string@GU?$char_traits@G@std@@V?$allocator@G@2@@std@@IBEPBGXZ,false
0xf60cdf,0x6a105b67,msvcp90.dll,??$?MGU?$char_traits@G@std@@V?$allocator@G@1@@std@@YA_NABV?$basic_string@GU?$char_traits@G@std@@V?$allocator@G@2@@0@PBG@Z,false
0xf60ce5,0x6a1058ba,msvcp90.dll,??$?8DU?$char_traits@D@std@@V?$allocator@D@1@@std@@YA_NABV?$basic_string@DU?$char_traits@D@std@@V?$allocator@D@2@@0@0@Z,false
0xf60ceb,0x6a10c95a,msvcp90.dll,??$?HDU?$char_traits@D@std@@V?$allocator@D@1@@std@@YA?AV?$basic_string@DU?$char_traits@D@std@@V?$allocator@D@2@@0@ABV10@D@Z,false
0xf60cf1,0x6a106059,msvcp90.dll,??0?$basic_string@GU?$char_traits@G@std@@V?$allocator@G@2@@std@@QAE@ABV01@@Z,false
0xf60cf7,0x6a108b0f,msvcp90.dll,?replace@?$basic_string@GU?$char_traits@G@std@@V?$allocator@G@2@@std@@QAEAAV12@V?$_String_const_iterator@GU?$char_traits@G@std@@V?$allocator@G@2@@2@0ABV12@@Z,false
0xf60cfd,0x6a1097c3,msvcp90.dll,??$?HDU?$char_traits@D@std@@V?$allocator@D@1@@std@@YA?AV?$basic_string@DU?$char_traits@D@std@@V?$allocator@D@2@@0@ABV10@D@Z,false
0xf60d03,0x6a0f5345,msvcp90.dll,??A?$basic_string@DU?$char_traits@D@std@@V?$allocator@D@2@@std@@QAEAADI@Z,false
0xf60d09,0x6a0f501f,msvcp90.dll,?_Xfunc@tr1@std@@YAXXZ,false
0xf60d0f,0x6a0f4ef3,msvcp90.dll,?compare@?$char_traits@D@std@@SAHPBD0I@Z,false
0xf60d15,0x6a0f4eb9,msvcp90.dll,?eq@?$char_traits@D@std@@SA_NABD0@Z,false
0xf60d1b,0x6a109bd2,msvcp90.dll,?swap@?$basic_string@DU?$char_traits@D@std@@V?$allocator@D@2@@std@@QAEXAAV12@@Z,false
0xf60d21,0x6a0f5468,msvcp90.dll,?rfind@?$basic_string@DU?$char_traits@D@std@@V?$allocator@D@2@@std@@QBEIPBDII@Z,false
0xf60d27,0x6a104ac9,msvcp90.dll,?begin@?$basic_string@GU?$char_traits@G@std@@V?$allocator@G@2@@std@@QBE?AV?$_String_const_iterator@GU?$char_traits@G@std@@V?$allocator@G@2@@2@XZ,false
0xf60d2d,0x6a104a71,msvcp90.dll,?begin@?$basic_string@_WU?$char_traits@_W@std@@V?$allocator@_W@2@@std@@QBE?AV?$_String_const_iterator@_WU?$char_traits@_W@std@@V?$allocator@_W@2@@2@XZ,false
0xf60d33,0x6a108b37,msvcp90.dll,?replace@?$basic_string@GU?$char_traits@G@std@@V?$allocator@G@2@@std@@QAEAAV12@V?$_String_const_iterator@GU?$char_traits@G@std@@V?$allocator@G@2@@2@0ABV12@@Z,false
0xf60d39,0x6a108dbf,msvcp90.dll,??0?$basic_string@GU?$char_traits@G@std@@V?$allocator@G@2@@std@@QAE@ABV01@@Z,false
0xf60d3f,0x6a0f757a,msvcp90.dll,?substr@?$basic_string@DU?$char_traits@D@std@@V?$allocator@D@2@@std@@QBE?AV12@II@Z,false
0xf60d45,0x6a0f551f,msvcp90.dll,?rfind@?$basic_string@DU?$char_traits@D@std@@V?$allocator@D@2@@std@@QBEIDI@Z,false
0xf60d4b,0x6a0f5c72,msvcp90.dll,?find_first_of@?$basic_string@DU?$char_traits@D@std@@V?$allocator@D@2@@std@@QBEIABV12@I@Z,false
0xf60d51,0x6a0f5423,msvcp90.dll,?find@?$basic_string@DU?$char_traits@D@std@@V?$allocator@D@2@@std@@QBEIPBDI@Z,false
0xf60d57,0x6a0fd930,msvcp90.dll,?length@?$basic_string@DU?$char_traits@D@std@@V?$allocator@D@2@@std@@QBEIXZ,false
0xf60d5d,0x6a0f72de,msvcp90.dll,??Y?$basic_string@DU?$char_traits@D@std@@V?$allocator@D@2@@std@@QAEAAV01@PBD@Z,false
0xf60d63,0x6a0f75a3,msvcp90.dll,??4?$basic_string@DU?$char_traits@D@std@@V?$allocator@D@2@@std@@QAEAAV01@ABV01@@Z,false
0xf60d69,0x6a108def,msvcp90.dll,??Y?$basic_string@_WU?$char_traits@_W@std@@V?$allocator@_W@2@@std@@QAEAAV01@PB_W@Z,false
0xf60d6f,0x6a109bb2,msvcp90.dll,??Y?$basic_string@_WU?$char_traits@_W@std@@V?$allocator@_W@2@@std@@QAEAAV01@PB_W@Z,false
0xf60d75,0x6a1061a9,msvcp90.dll,?clear@?$basic_string@GU?$char_traits@G@std@@V?$allocator@G@2@@std@@QAEXXZ,false
0xf60d7b,0x6a0f5f90,msvcp90.dll,?clear@?$basic_string@DU?$char_traits@D@std@@V?$allocator@D@2@@std@@QAEXXZ,false
0xf60d81,0x6a0f5acb,msvcp90.dll,?end@?$basic_string@DU?$char_traits@D@std@@V?$allocator@D@2@@std@@QAE?AV?$_String_iterator@DU?$char_traits@D@std@@V?$allocator@D@2@@2@XZ,false
0xf60d87,0x6a0f5a79,msvcp90.dll,?begin@?$basic_string@DU?$char_traits@D@std@@V?$allocator@D@2@@std@@QAE?AV?$_String_iterator@DU?$char_traits@D@std@@V?$allocator@D@2@@2@XZ,false
0xf60d8d,0x6a109bd2,msvcp90.dll,?swap@?$basic_string@DU?$char_traits@D@std@@V?$allocator@D@2@@std@@QAEXAAV12@@Z,false
0xf60d93,0x6a0f75b3,msvcp90.dll,??Y?$basic_string@DU?$char_traits@D@std@@V?$allocator@D@2@@std@@QAEAAV01@ABV01@@Z,false
0xf60d99,0x6a0f506e,msvcp90.dll,?data@?$basic_string@DU?$char_traits@D@std@@V?$allocator@D@2@@std@@QBEPBDXZ,false
0xf60d9f,0x6a0f70eb,msvcp90.dll,??0?$basic_string@DU?$char_traits@D@std@@V?$allocator@D@2@@std@@QAE@PBDI@Z,false
0xf60da5,0x6a0f74ec,msvcp90.dll,?replace@?$basic_string@DU?$char_traits@D@std@@V?$allocator@D@2@@std@@QAEAAV12@IIPBD@Z,false
0xf60dab,0x6a0f5a03,msvcp90.dll,?erase@?$basic_string@DU?$char_traits@D@std@@V?$allocator@D@2@@std@@QAEAAV12@II@Z,false
0xf60db1,0x6a10c9a6,msvcp90.dll,??$?HDU?$char_traits@D@std@@V?$allocator@D@1@@std@@YA?AV?$basic_string@DU?$char_traits@D@std@@V?$allocator@D@2@@0@PBDABV10@@Z,false
0xf60db7,0x6a1058f2,msvcp90.dll,??$?8DU?$char_traits@D@std@@V?$allocator@D@1@@std@@YA_NABV?$basic_string@DU?$char_traits@D@std@@V?$allocator@D@2@@0@PBD@Z,false
0xf60dbd,0x6a105952,msvcp90.dll,??$?9DU?$char_traits@D@std@@V?$allocator@D@1@@std@@YA_NABV?$basic_string@DU?$char_traits@D@std@@V?$allocator@D@2@@0@PBD@Z,false
0xf60dc3,0x6a0fd930,msvcp90.dll,?length@?$basic_string@DU?$char_traits@D@std@@V?$allocator@D@2@@std@@QBEIXZ,false
0xf60dc9,0x6a1004ec,msvcp90.dll,??A?$basic_string@_WU?$char_traits@_W@std@@V?$allocator@_W@2@@std@@QBEAB_WI@Z,false
0xf60dcf,0x6a0f5c1a,msvcp90.dll,?find@?$basic_string@DU?$char_traits@D@std@@V?$allocator@D@2@@std@@QBEIABV12@I@Z,false
0xf60dd5,0x6a0f65d3,msvcp90.dll,?insert@?$basic_string@DU?$char_traits@D@std@@V?$allocator@D@2@@std@@QAEAAV12@IID@Z,false
0xf60ddb,0x6a0f62ad,msvcp90.dll,?append@?$basic_string@DU?$char_traits@D@std@@V?$allocator@D@2@@std@@QAEAAV12@PBD@Z,false
0xf60de1,0x6a0f620a,msvcp90.dll,?append@?$basic_string@DU?$char_traits@D@std@@V?$allocator@D@2@@std@@QAEAAV12@PBDI@Z,false
0xf60de7,0x6a0f7306,msvcp90.dll,?append@?$basic_string@DU?$char_traits@D@std@@V?$allocator@D@2@@std@@QAEAAV12@ABV12@@Z,false
0xf60ded,0x6a0f643c,msvcp90.dll,?assign@?$basic_string@DU?$char_traits@D@std@@V?$allocator@D@2@@std@@QAEAAV12@PBD@Z,false
0xf60df3,0x6a106cbf,msvcp90.dll,?append@?$basic_string@_WU?$char_traits@_W@std@@V?$allocator@_W@2@@std@@QAEAAV12@V?$_String_const_iterator@_WU?$char_traits@_W@std@@V?$allocator@_W@2@@2@0@Z,false
0xf60df9,0x6a0f6c66,msvcp90.dll,?replace@?$basic_string@DU?$char_traits@D@std@@V?$allocator@D@2@@std@@QAEAAV12@IIPBD@Z,false
0xf60dff,0x6a0fd930,msvcp90.dll,?length@?$basic_string@DU?$char_traits@D@std@@V?$allocator@D@2@@std@@QBEIXZ,false
0xf60e05,0x6a0f57e5,msvcp90.dll,?compare@?$basic_string@DU?$char_traits@D@std@@V?$allocator@D@2@@std@@QBEHIIPBDI@Z,false
0xf60e0b,0x6a0f8b60,msvcp90.dll,?fail@ios_base@std@@QBE_NXZ,false
0xf60e11,0x6a0f8b60,msvcp90.dll,?fail@ios_base@std@@QBE_NXZ,false
0xf60e17,0x6a0f8b3d,msvcp90.dll,?rdstate@ios_base@std@@QBEHXZ,false
0xf60e1d,0x6a10ac66,msvcp90.dll,?close@?$basic_ofstream@DU?$char_traits@D@std@@@std@@QAEXXZ,false
0xf60e23,0x6a113744,msvcp90.dll,??0?$basic_ofstream@DU?$char_traits@D@std@@@std@@QAE@PBDHH@Z,false
0xf60e29,0x6a10abdf,msvcp90.dll,?close@?$basic_ifstream@DU?$char_traits@D@std@@@std@@QAEXXZ,false
0xf60e2f,0x6a112ba7,msvcp90.dll,??0?$basic_ifstream@DU?$char_traits@D@std@@@std@@QAE@PBDHH@Z,false
0xf60e35,0x6a11eb26,msvcp90.dll,?read@?$basic_istream@DU?$char_traits@D@std@@@std@@QAEAAV12@PADH@Z,false
0xf60e3b,0x6a1010d7,msvcp90.dll,?tellp@?$basic_ostream@DU?$char_traits@D@std@@@std@@QAE?AV?$fpos@H@2@XZ,false
0xf60e41,0x6a10a7ff,msvcp90.dll,?seekp@?$basic_ostream@DU?$char_traits@D@std@@@std@@QAEAAV12@V?$fpos@H@2@@Z,false
0xf60e47,0x6a11d91e,msvcp90.dll,?write@?$basic_ostream@DU?$char_traits@D@std@@@std@@QAEAAV12@PBDH@Z,false
0xf60e4d,0x6a10088d,msvcp90.dll,?compare@?$basic_string@_WU?$char_traits@_W@std@@V?$allocator@_W@2@@std@@QBEHIIPB_WI@Z,false
0xf60e53,0x6a108f11,msvcp90.dll,?substr@?$basic_string@GU?$char_traits@G@std@@V?$allocator@G@2@@std@@QBE?AV12@II@Z,false
0xf60e59,0x6a104b98,msvcp90.dll,?find_first_of@?$basic_string@_WU?$char_traits@_W@std@@V?$allocator@_W@2@@std@@QBEIABV12@I@Z,false
0xf60e5f,0x6a1009a6,msvcp90.dll,?find@?$basic_string@GU?$char_traits@G@std@@V?$allocator@G@2@@std@@QBEIPBGI@Z,false
0xf60e65,0x6a0fd922,msvcp90.dll,?empty@?$basic_string@DU?$char_traits@D@std@@V?$allocator@D@2@@std@@QBE_NXZ,false
0xf60e6b,0x6a104a9a,msvcp90.dll,?insert@?$basic_string@GU?$char_traits@G@std@@V?$allocator@G@2@@std@@QAE?AV?$_String_iterator@GU?$char_traits@G@std@@V?$allocator@G@2@@2@V?$_String_const_iterator@GU?$char_traits@G@std@@V?$allocator@G@2@@2@@Z,false
0xf60e71,0x6a104a48,msvcp90.dll,?insert@?$basic_string@GU?$char_traits@G@std@@V?$allocator@G@2@@std@@QAE?AV?$_String_iterator@GU?$char_traits@G@std@@V?$allocator@G@2@@2@V?$_String_const_iterator@GU?$char_traits@G@std@@V?$allocator@G@2@@2@@Z,false
0xf60e77,0x6a0fd922,msvcp90.dll,?empty@?$basic_string@DU?$char_traits@D@std@@V?$allocator@D@2@@std@@QBE_NXZ,false
0xf60e7d,0x6a118d56,msvcp90.dll,??_D?$basic_ofstream@DU?$char_traits@D@std@@@std@@QAEXXZ,false
0xf60e83,0x6a118cf3,msvcp90.dll,??_D?$basic_ifstream@DU?$char_traits@D@std@@@std@@QAEXXZ,false
0xf60e89,0x72b24b20,d3d9.dll,Direct3DCreate9,false
0xf60e8f,0x69f18c17,d3dx9_42.dll,D3DXCreateLine,false
0xf60e95,0x69f304c2,d3dx9_42.dll,D3DXMatrixTranslation,false
0xf60e9b,0x69f30435,d3dx9_42.dll,D3DXMatrixScaling,false
0xf60ea1,0x69f30681,d3dx9_42.dll,D3DXMatrixRotationZ,false
0xf60ea7,0x69f2fa75,d3dx9_42.dll,D3DXMatrixMultiply,false
0xf60ead,0x69f18a28,d3dx9_42.dll,D3DXCreateSprite,false
0xf60eb3,0x69fbe4ed,d3dx9_42.dll,D3DXCreateTextureFromFileExA,false
0xf60eb9,0x69f18cfa,d3dx9_42.dll,D3DXCreateFontA,false
0xf60ebf,0x69f2f08e,d3dx9_42.dll,D3DXVec3CatmullRom,false
0xf60ec5,0x69fba825,d3dx9_42.dll,D3DXSaveSurfaceToFileA,false
0xf60ecb,0x69fbe48a,d3dx9_42.dll,D3DXSaveTextureToFileA,false
0xf60ed1,0x69f31cec,d3dx9_42.dll,D3DXQuaternionSlerp,false
0xf60ed7,0x69fdfcd6,d3dx9_42.dll,D3DXCreateEffectCompiler,false
0xf60edd,0x69fe0caa,d3dx9_42.dll,D3DXCreateEffect,false
0xf60ee3,0x69fbe011,d3dx9_42.dll,D3DXCreateVolumeTextureFromFileInMemoryEx,false
0xf60ee9,0x69fbdfcd,d3dx9_42.dll,D3DXCreateCubeTextureFromFileInMemoryEx,false
0xf60eef,0x69f2fff2,d3dx9_42.dll,D3DXMatrixInverse,false
0xf60ef5,0x69fd7d62,d3dx9_42.dll,D3DXGetShaderVersion,false
0xf60efb,0x69fd7d79,d3dx9_42.dll,D3DXGetShaderInputSemantics,false
0xf60f01,0x69fd7ac4,d3dx9_42.dll,D3DXGetPixelShaderProfile,false
0xf60f07,0x69fd7b86,d3dx9_42.dll,D3DXGetVertexShaderProfile,false
0xf60f0d,0x69fbcc2d,d3dx9_42.dll,D3DXLoadSurfaceFromSurface,false
0xf60f13,0x69fba86d,d3dx9_42.dll,D3DXSaveSurfaceToFileInMemory,false
0xf60f19,0x69fbeae5,d3dx9_42.dll,D3DXCreateVolumeTextureFromFileInMemory,false
0xf60f1f,0x69fbe8ba,d3dx9_42.dll,D3DXCreateCubeTextureFromFileInMemory,false
0xf60f25,0x69fbe6a7,d3dx9_42.dll,D3DXCreateTextureFromFileInMemory,false
0xf60f2b,0x69fba5d3,d3dx9_42.dll,D3DXGetImageInfoFromFileInMemory,false
0xf60f31,0x69f2f84f,d3dx9_42.dll,D3DXVec4Transform,false
0xf60f37,0x69f2fcd5,d3dx9_42.dll,D3DXMatrixTranspose,false
0xf60f3d,0x69f19262,d3dx9_42.dll,D3DXCreateBuffer,false
0xf60f43,0x69fd980c,d3dx9_42.dll,D3DXGetShaderConstantTableEx,false
0xf60f49,0x69fd95b3,d3dx9_42.dll,D3DXCompileShader,false
0xf60f4f,0x69fd8c98,d3dx9_42.dll,D3DXAssembleShader,false
0xf60f55,0x694d3080,fmodex.dll,?setBypass@DSP@FMOD@@QAG?AW4FMOD_RESULT@@_N@Z,false
0xf60f5b,0x694d2f00,fmodex.dll,?remove@DSP@FMOD@@QAG?AW4FMOD_RESULT@@XZ,false
0xf60f61,0x694d2e10,fmodex.dll,?release@DSP@FMOD@@QAG?AW4FMOD_RESULT@@XZ,false
0xf60f67,0x694d5950,fmodex.dll,?createDSPByType@System@FMOD@@QAG?AW4FMOD_RESULT@@W4FMOD_DSP_TYPE@@PAPAVDSP@2@@Z,false
0xf60f6d,0x694d2c70,fmodex.dll,?addDSP@ChannelGroup@FMOD@@QAG?AW4FMOD_RESULT@@PAVDSP@2@PAPAVDSPConnection@2@@Z,false
0xf60f73,0x694d3010,fmodex.dll,?setActive@DSP@FMOD@@QAG?AW4FMOD_RESULT@@_N@Z,false
0xf60f79,0x694d31b0,fmodex.dll,?setParameter@DSP@FMOD@@QAG?AW4FMOD_RESULT@@HM@Z,false
0xf60f7f,0x694d4cb0,fmodex.dll,?release@System@FMOD@@QAG?AW4FMOD_RESULT@@XZ,false
0xf60f85,0x694d49a0,fmodex.dll,?getMaxAudible@SoundGroup@FMOD@@QAG?AW4FMOD_RESULT@@PAH@Z,false
0xf60f8b,0x694d2cd0,fmodex.dll,?getChannel@ChannelGroup@FMOD@@QAG?AW4FMOD_RESULT@@HPAPAVChannel@2@@Z,false
0xf60f91,0x694d1900,fmodex.dll,?setPan@Channel@FMOD@@QAG?AW4FMOD_RESULT@@M@Z,false
0xf60f97,0x694d1f20,fmodex.dll,?set3DMinMaxDistance@Channel@FMOD@@QAG?AW4FMOD_RESULT@@MM@Z,false
0xf60f9d,0x694d5c10,fmodex.dll,?addDSP@System@FMOD@@QAG?AW4FMOD_RESULT@@PAVDSP@2@PAPAVDSPConnection@2@@Z,false
0xf60fa3,0x694d5400,fmodex.dll,?update@System@FMOD@@QAG?AW4FMOD_RESULT@@XZ,false
0xf60fa9,0x694d2ca0,fmodex.dll,?getName@ChannelGroup@FMOD@@QAG?AW4FMOD_RESULT@@PADH@Z,false
0xf60faf,0x694d2440,fmodex.dll,?isVirtual@Channel@FMOD@@QAG?AW4FMOD_RESULT@@PA_N@Z,false
0xf60fb5,0x694d5690,fmodex.dll,?getVersion@System@FMOD@@QAG?AW4FMOD_RESULT@@PAI@Z,false
0xf60fbb,0x694d4d40,fmodex.dll,?getNumDrivers@System@FMOD@@QAG?AW4FMOD_RESULT@@PAH@Z,false
0xf60fc1,0x694d4ce0,fmodex.dll,?setOutput@System@FMOD@@QAG?AW4FMOD_RESULT@@W4FMOD_OUTPUTTYPE@@@Z,false
0xf60fc7,0x694d4df0,fmodex.dll,?getDriverCaps@System@FMOD@@QAG?AW4FMOD_RESULT@@HPAIPAHPAW4FMOD_SPEAKERMODE@@@Z,false
0xf60fcd,0x694d50e0,fmodex.dll,?setSpeakerMode@System@FMOD@@QAG?AW4FMOD_RESULT@@W4FMOD_SPEAKERMODE@@@Z,false
0xf60fd3,0x694d5720,fmodex.dll,?getHardwareChannels@System@FMOD@@QAG?AW4FMOD_RESULT@@PAH@Z,false
0xf60fd9,0x694d4ef0,fmodex.dll,?getSoftwareChannels@System@FMOD@@QAG?AW4FMOD_RESULT@@PAH@Z,false
0xf60fdf,0x694d4fa0,fmodex.dll,?setDSPBufferSize@System@FMOD@@QAG?AW4FMOD_RESULT@@IH@Z,false
0xf60fe5,0x694d4d70,fmodex.dll,?getDriverInfo@System@FMOD@@QAG?AW4FMOD_RESULT@@HPADHPAUFMOD_GUID@@@Z,false
0xf60feb,0x694d4f20,fmodex.dll,?setSoftwareFormat@System@FMOD@@QAG?AW4FMOD_RESULT@@HW4FMOD_SOUND_FORMAT@@HHW4FMOD_DSP_RESAMPLER@@@Z,false
0xf60ff1,0x694d4ec0,fmodex.dll,?setSoftwareChannels@System@FMOD@@QAG?AW4FMOD_RESULT@@H@Z,false
0xf60ff7,0x694d5080,fmodex.dll,?setAdvancedSettings@System@FMOD@@QAG?AW4FMOD_RESULT@@PAUFMOD_ADVANCEDSETTINGS@@@Z,false
0xf60ffd,0x69a6c550,fmod_event.dll,?getMusicSystem@EventSystem@FMOD@@QAG?AW4FMOD_RESULT@@PAPAVMusicSystem@2@@Z,false
0xf61003,0x69a57540,fmod_event.dll,?getProperty@Event@FMOD@@QAG?AW4FMOD_RESULT@@PBDPAX_N@Z,false
0xf61009,0x69a57750,fmod_event.dll,?getVolume@Event@FMOD@@QAG?AW4FMOD_RESULT@@PAM@Z,false
0xf6100f,0x69a57720,fmod_event.dll,?setVolume@Event@FMOD@@QAG?AW4FMOD_RESULT@@M@Z,false
0xf61015,0x69a578f0,fmod_event.dll,?get3DAttributes@Event@FMOD@@QAG?AW4FMOD_RESULT@@PAUFMOD_VECTOR@@00@Z,false
0xf6101b,0x69a57a30,fmod_event.dll,?getUserData@Event@FMOD@@QAG?AW4FMOD_RESULT@@PAPAX@Z,false
0xf61021,0x69a6ca20,fmod_event.dll,?getNumReverbPresets@EventSystem@FMOD@@QAG?AW4FMOD_RESULT@@PAH@Z,false
0xf61027,0x69a6c9e0,fmod_event.dll,?getReverbPresetByIndex@EventSystem@FMOD@@QAG?AW4FMOD_RESULT@@HPAUFMOD_REVERB_PROPERTIES@@PAPAD@Z,false
0xf6102d,0x69a6ca50,fmod_event.dll,?createReverb@EventSystem@FMOD@@QAG?AW4FMOD_RESULT@@PAPAVEventReverb@2@@Z,false
0xf61033,0x69a6ca80,fmod_event.dll,?setReverbAmbientProperties@EventSystem@FMOD@@QAG?AW4FMOD_RESULT@@PAUFMOD_REVERB_PROPERTIES@@@Z,false
0xf61039,0x69a6cab0,fmod_event.dll,?getReverbAmbientProperties@EventSystem@FMOD@@QAG?AW4FMOD_RESULT@@PAUFMOD_REVERB_PROPERTIES@@@Z,false
0xf6103f,0x69a6c400,fmod_event.dll,?release@EventSystem@FMOD@@QAG?AW4FMOD_RESULT@@XZ,false
0xf61045,0x69a6c710,fmod_event.dll,?getCategory@EventSystem@FMOD@@QAG?AW4FMOD_RESULT@@PBDPAPAVEventCategory@2@@Z,false
0xf6104b,0x69a573b0,fmod_event.dll,?getInfo@Event@FMOD@@QAG?AW4FMOD_RESULT@@PAHPAPADPAUFMOD_EVENT_INFO@@@Z,false
0xf61051,0x69a6c580,fmod_event.dll,?setLanguage@EventSystem@FMOD@@QAG?AW4FMOD_RESULT@@PBD@Z,false
0xf61057,0x69a576e0,fmod_event.dll,?setCallback@Event@FMOD@@QAG?AW4FMOD_RESULT@@P6G?AW43@PAUFMOD_EVENT@@W4FMOD_EVENT_CALLBACKTYPE@@PAX22@Z2@Z,false
0xf6105d,0x69a57480,fmod_event.dll,?stop@Event@FMOD@@QAG?AW4FMOD_RESULT@@_N@Z,false
0xf61063,0x69a574b0,fmod_event.dll,?getParameter@Event@FMOD@@QAG?AW4FMOD_RESULT@@PBDPAPAVEventParameter@2@@Z,false
0xf61069,0x69a65f60,fmod_event.dll,?setValue@EventParameter@FMOD@@QAG?AW4FMOD_RESULT@@M@Z,false
0xf6106f,0x69a57a60,fmod_event.dll,?getState@Event@FMOD@@QAG?AW4FMOD_RESULT@@PAI@Z,false
0xf61075,0x69a57ac0,fmod_event.dll,?getChannelGroup@Event@FMOD@@QAG?AW4FMOD_RESULT@@PAPAVChannelGroup@2@@Z,false
0xf6107b,0x69a57a00,fmod_event.dll,?setUserData@Event@FMOD@@QAG?AW4FMOD_RESULT@@PAX@Z,false
0xf61081,0x69a57450,fmod_event.dll,?start@Event@FMOD@@QAG?AW4FMOD_RESULT@@XZ,false
0xf61087,0x69a578b0,fmod_event.dll,?set3DAttributes@Event@FMOD@@QAG?AW4FMOD_RESULT@@PBUFMOD_VECTOR@@00@Z,false
0xf6108d,0x69a57930,fmod_event.dll,?set3DOcclusion@Event@FMOD@@QAG?AW4FMOD_RESULT@@MM@Z,false
0xf61093,0x69a6c610,fmod_event.dll,?load@EventSystem@FMOD@@QAG?AW4FMOD_RESULT@@PBDPAUFMOD_EVENT_LOADINFO@@PAPAVEventProject@2@@Z,false
0xf61099,0x69a6c430,fmod_event.dll,?update@EventSystem@FMOD@@QAG?AW4FMOD_RESULT@@XZ,false
0xf6109f,0x69a6cba0,fmod_event.dll,?set3DListenerAttributes@EventSystem@FMOD@@QAG?AW4FMOD_RESULT@@HPBUFMOD_VECTOR@@000@Z,false
0xf610a5,0x69a57580,fmod_event.dll,?getPropertyByIndex@Event@FMOD@@QAG?AW4FMOD_RESULT@@HPAX_N@Z,false
0xf610ab,0x69a4c220,fmod_event.dll,FMOD_EventSystem_Create,false
0xf610b1,0x69a6c520,fmod_event.dll,?getSystemObject@EventSystem@FMOD@@QAG?AW4FMOD_RESULT@@PAPAVSystem@2@@Z,false
0xf610b7,0x69a6c3c0,fmod_event.dll,?init@EventSystem@FMOD@@QAG?AW4FMOD_RESULT@@HIPAXI@Z,false
0xf610bd,0x698a478c,fmod_event_net.dll,?NetEventSystem_Shutdown@FMOD@@YG?AW4FMOD_RESULT@@XZ,false
0xf610c3,0x698a1a1e,fmod_event_net.dll,?NetEventSystem_Update@FMOD@@YG?AW4FMOD_RESULT@@XZ,false
0xf610c9,0x698a1a5f,fmod_event_net.dll,?NetEventSystem_Init@FMOD@@YG?AW4FMOD_RESULT@@PAVEventSystem@1@G@Z,false
0xf610cf,0x10009940,physxloader.dll,NxGetUtilLib,false
0xf610d5,0x1000a120,physxloader.dll,NxCreatePhysicsSDK,false
0xf610db,0x10009a10,physxloader.dll,NxReleasePhysicsSDK,false
0x14a9ae5,0x7501dbb0,imm32.dll,ImmIsUIMessageA,false
0x14a9aeb,0x750158f0,imm32.dll,ImmReleaseContext,false
0x14a9af1,0x75012a80,imm32.dll,ImmGetOpenStatus,false
0x14a9af7,0x75014260,imm32.dll,ImmGetContext,false
0x14a9afd,0x7501dbe0,imm32.dll,ImmIsUIMessageW,false
0x14a9b03,0x7501cbd0,imm32.dll,ImmGetIMEFileNameA,false
0x14a9b09,0x75012a30,imm32.dll,ImmGetConversionStatus,false
0x14a9b0f,0x750194d0,imm32.dll,ImmSetConversionStatus,false
0x14a9b15,0x750195b0,imm32.dll,ImmSetOpenStatus,false
0x14a9b1b,0x7501bba0,imm32.dll,ImmNotifyIME,false
0x14a9b21,0x75018460,imm32.dll,ImmGetCompositionStringW,false
0x14a9b27,0x75018c70,imm32.dll,ImmSetCandidateWindow,false
0x14a9b2d,0x75019440,imm32.dll,ImmSetCompositionWindow,false
0x14a9b33,0x7501ce00,imm32.dll,ImmGetProperty,false
0x14a9b39,0x750181c0,imm32.dll,ImmGetCandidateListW,false
0x14a9b3f,0x75017550,imm32.dll,ImmAssociateContextEx,false
0x14a9b45,0x75018fa0,imm32.dll,ImmSetCompositionStringW,false
0x14a9b4b,0x7501db60,imm32.dll,ImmGetVirtualKey,false
0x14a9b51,0x75015780,imm32.dll,ImmGetDefaultIMEWnd,false
0x14aa89b,0x74eabe90,rpcrt4.dll,UuidCreate,false
0x14aa8a1,0x74ea9f60,rpcrt4.dll,RpcStringFreeA,false
0x14aa8a7,0x74eea060,rpcrt4.dll,UuidToStringA,false
0x14aa8ad,0x74ee9fc0,rpcrt4.dll,UuidFromStringA,false
0x14aa8b3,0x74ea7fa0,rpcrt4.dll,RpcStringFreeW,false
0x14aa8b9,0x74ea8160,rpcrt4.dll,UuidToStringW,false
0x14aa8bf,0x725847a0,winmm.dll,timeGetTime,false
0x14aa8c5,0x725838d0,winmm.dll,timeSetEvent,false
0x14aa8cb,0x7258f8b0,winmm.dll,timeGetDevCaps,false
0x14aa8d1,0x72583c00,winmm.dll,timeKillEvent,false
0x14aa8d7,0x7258f890,winmm.dll,timeEndPeriod,false
0x14aa8dd,0x7258f870,winmm.dll,timeBeginPeriod,false
0x14aa8e3,0x74da5d50,ws2_32.dll,WSAGetLastError,false
0x14aa8e9,0x74da56e0,ws2_32.dll,htons,false
0x14aa8ef,0x74da56e0,ws2_32.dll,htons,false
0x14aa8f5,0x74da57e0,ws2_32.dll,inet_addr,false
0x14aa8fb,0x74da5940,ws2_32.dll,inet_ntoa,false
0x14aa901,0x74dcff10,ws2_32.dll,gethostbyname,false
0x14aa907,0x74dd00a0,ws2_32.dll,gethostname,false
0x14aa90d,0x74da6400,ws2_32.dll,WSACleanup,false
0x14aa913,0x74da9cc0,ws2_32.dll,WSAStartup,false
0x14aa919,0x74db58a0,ws2_32.dll,send,false
0x14aa91f,0x74db5ab0,ws2_32.dll,recvfrom,false
0x14aa925,0x74db2270,ws2_32.dll,getsockname,false
0x14aa92b,0x74db3200,ws2_32.dll,getpeername,false
0x14aa931,0x74db32b0,ws2_32.dll,shutdown,false
0x14aa937,0x74daf3b0,ws2_32.dll,WSAIoctl,false
0x14aa93d,0x74daf070,ws2_32.dll,setsockopt,false
0x14aa943,0x74da6010,ws2_32.dll,WSAGetOverlappedResult,false
0x14aa949,0x74db2520,ws2_32.dll,ioctlsocket,false
0x14aa94f,0x74db5e50,ws2_32.dll,select,false
0x14aa955,0x74db5960,ws2_32.dll,getsockopt,false
0x14aa95b,0x74da57a0,ws2_32.dll,__WSAFDIsSet,false
0x14aa961,0x74dacbc0,ws2_32.dll,WSASocketW,false
0x14aa967,0x74dac990,ws2_32.dll,socket,false
0x14aa96d,0x74daea60,ws2_32.dll,closesocket,false
0x14aa973,0x74db69c0,ws2_32.dll,accept,false
0x14aa979,0x74db5710,ws2_32.dll,connect,false
0x14aa97f,0x74daed70,ws2_32.dll,WSARecv,false
0x14aa985,0x74db7050,ws2_32.dll,WSARecvFrom,false
0x14aa98b,0x74dadff0,ws2_32.dll,WSASend,false
0x14aa991,0x74db5d90,ws2_32.dll,listen,false
0x14aa997,0x74dac860,ws2_32.dll,WSAEventSelect,false
0x14aa99d,0x74dd5820,ws2_32.dll,WSASendTo,false
0x14aa9a3,0x74db6160,ws2_32.dll,sendto,false
0x14aa9a9,0x74dad890,ws2_32.dll,bind,false
0x14aa9af,0x74da6250,ws2_32.dll,WSASetLastError,false
0x14aa9b5,0x74db23a0,ws2_32.dll,recv,false
0x14aa9bb,0x74da7580,ws2_32.dll,FreeAddrInfoW,false
0x14aa9c1,0x74daa810,ws2_32.dll,getaddrinfo,false
0x14aa9c7,0x69632050,nexon_api.dll,nxapi_get_api,false
0x14aa9cd,0x69631f20,nexon_api.dll,nxapi_init,false
0x14aa9d3,0x69631ff0,nexon_api.dll,nxapi_shutdown,false
0x14aa9d9,0x75271480,psapi.dll,GetProcessMemoryInfo,false
0x14aa9df,0x6a403f03,msvcr90.dll,??3@YAXPAX@Z,false
0x14aa9f5,0x6a40405f,msvcr90.dll,_aligned_malloc,false
0x14aa9fb,0x6a404040,msvcr90.dll,_aligned_free,false
0x14aaad5,0x6a403f23,msvcr90.dll,??_V@YAXPAX@Z,false
0x14aaadb,0x6a403e99,msvcr90.dll,??2@YAPAXI@Z,false
0x14aab3d,0x6a4119d7,msvcr90.dll,_purecall,false
0x14aabff,0x6a3fbfb4,msvcr90.dll,??0exception@std@@QAE@ABV01@@Z,false
0x14aac05,0x6a3fc091,msvcr90.dll,?what@exception@std@@UBEPBDXZ,false
0x14aac0b,0x6a3fc076,msvcr90.dll,??1exception@std@@UAE@XZ,false
0x14aac11,0x6a3fbf3a,msvcr90.dll,??0exception@std@@QAE@ABQBD@Z,false
0x14aac17,0x6a40ccc9,msvcr90.dll,_invalid_parameter_noinfo,false
0x14aac1d,0x6a3fbf24,msvcr90.dll,??0exception@std@@QAE@XZ,false
0x14aac89,0x6a3d497e,msvcr90.dll,_vsnprintf,false
0x14aac8f,0x6a421a37,msvcr90.dll,_fpclass,false
0x14aac95,0x6a403d3f,msvcr90.dll,malloc,false
0x14aac9b,0x6a406415,msvcr90.dll,realloc,false
0x14aaca1,0x6a403b4e,msvcr90.dll,free,false
0x14aaca7,0x6a3d2e73,msvcr90.dll,sprintf,false
0x14aacad,0x6a3d69a3,msvcr90.dll,memcpy_s,false
0x14aacb3,0x6a3d6ae1,msvcr90.dll,strncmp,false
0x14aacb9,0x6a3dd377,msvcr90.dll,atof,false
0x14aacbf,0x6a3d20c1,msvcr90.dll,printf,false
0x14aacc5,0x6a3d6a25,msvcr90.dll,memmove_s,false
0x14aaccb,0x6a3d2f16,msvcr90.dll,sprintf_s,false
0x14aacd1,0x6a3d3369,msvcr90.dll,swprintf_s,false
0x14aacd7,0x6a3d7141,msvcr90.dll,wcscat_s,false
0x14aacdd,0x6a3d722a,msvcr90.dll,wcscpy_s,false
0x14aace3,0x6a3d2998,msvcr90.dll,_snprintf,false
0x14aace9,0x6a3d4de4,msvcr90.dll,_vsnwprintf,false
0x14aacef,0x6a3d7524,msvcr90.dll,wcsncpy,false
0x14aacf5,0x6a3d4ea4,msvcr90.dll,_vswprintf,false
0x14aacfb,0x6a4149c0,msvcr90.dll,qsort,false
0x14aad01,0x6a3d9dda,msvcr90.dll,_localtime64_s,false
0x14aad07,0x6a3da4ac,msvcr90.dll,_time64,false
0x14aad0d,0x6a3d518b,msvcr90.dll,_vswprintf_c_l,false
0x14aad13,0x6a414f6d,msvcr90.dll,rand,false
0x14aad19,0x6a3e00b5,msvcr90.dll,_wtof,false
0x14aad1f,0x6a3d7573,msvcr90.dll,wcsncpy_s,false
0x14aad25,0x6a3c637a,msvcr90.dll,_wtoi,false
0x14aad95,0x6a3c60ad,msvcr90.dll,atoi,false
0x14aad9b,0x6a3d7887,msvcr90.dll,wcsstr,false
0x14aada1,0x6a403c40,msvcr90.dll,calloc,false
0x14aada7,0x6a4062a2,msvcr90.dll,_recalloc,false
0x14aadad,0x6a3d524a,msvcr90.dll,vswprintf_s,false
0x14aadb3,0x6a3d4b5b,msvcr90.dll,vsprintf_s,false
0x14aadb9,0x6a3e2e7a,msvcr90.dll,_mbscmp,false
0x14aadbf,0x6a3c6874,msvcr90.dll,_itow,false
0x14aadc5,0x6a3d4f2f,msvcr90.dll,_vscwprintf,false
0x14aadcb,0x6a3d6d0a,msvcr90.dll,strcpy_s,false
0x14aadd1,0x6a40cc60,msvcr90.dll,_set_invalid_parameter_handler,false
0x14aadd7,0x6a3d774a,msvcr90.dll,wcsrchr,false
0x14aaddd,0x6a3d71c3,msvcr90.dll,wcschr,false
0x14aade3,0x6a3ddcb7,msvcr90.dll,mbstowcs,false
0x14aade9,0x6a411a06,msvcr90.dll,_set_purecall_handler,false
0x14aadef,0x6a404288,msvcr90.dll,_aligned_realloc,false
0x14aadf5,0x6a3d0216,msvcr90.dll,fprintf,false
0x14aadfb,0x6a3cf1c3,msvcr90.dll,__iob_func,false
0x14aae01,0x6a3dbeb0,msvcr90.dll,strstr,false
0x14aae07,0x6a3d2f5d,msvcr90.dll,_snprintf_s,false
0x14aae0d,0x6a3da097,msvcr90.dll,_localtime64,false
0x14aae13,0x6a3c2455,msvcr90.dll,exit,false
0x14aae19,0x6a3d6d77,msvcr90.dll,strncpy_s,false
0x14aae1f,0x6a3d61a2,msvcr90.dll,wprintf,false
0x14aae25,0x6a412967,msvcr90.dll,_splitpath,false
0x14aae2b,0x6a3fbbf6,msvcr90.dll,strftime,false
0x14aae31,0x6a3d01a2,msvcr90.dll,fopen,false
0x14aae37,0x6a3cfc61,msvcr90.dll,fclose,false
0x14aae3d,0x6a3d4821,msvcr90.dll,vsprintf,false
0x14aae43,0x6a3d0a2a,msvcr90.dll,fseek,false
0x14aae49,0x6a3c87d4,msvcr90.dll,_fullpath,false
0x14aae4f,0x6a3d30d0,msvcr90.dll,sscanf,false
0x14aae55,0x6a3c8b05,msvcr90.dll,_mkdir,false
0x14aae5b,0x6a3e5304,msvcr90.dll,_mbsstr,false
0x14aae61,0x6a3d6ba6,msvcr90.dll,strnlen,false
0x14aae67,0x6a3d4840,msvcr90.dll,_vscprintf,false
0x14aae6d,0x6a3de761,msvcr90.dll,strtoul,false
0x14aae73,0x6a3d01be,msvcr90.dll,fopen_s,false
0x14aae79,0x6a3ce27a,msvcr90.dll,_mbsinc,false
0x14aae7f,0x6a3e0cfc,msvcr90.dll,_ismbcspace,false
0x14aae85,0x6a3e334d,msvcr90.dll,_mbsicmp,false
0x14aae8b,0x6a3e2d32,msvcr90.dll,_mbschr,false
0x14aae91,0x6a3d311f,msvcr90.dll,sscanf_s,false
0x14aae97,0x6a3d0379,msvcr90.dll,fprintf_s,false
0x14aae9d,0x6a3db810,msvcr90.dll,strchr,false
0x14aaea3,0x6a414f56,msvcr90.dll,srand,false
0x14aaea9,0x6a3d144b,msvcr90.dll,fwrite,false
0x14aaeaf,0x6a3dec21,msvcr90.dll,tolower,false
0x14aaeb5,0x6a3d6bc8,msvcr90.dll,strcat_s,false
0x14aaebb,0x6a3dbdb0,msvcr90.dll,strrchr,false
0x14aaec1,0x6a3d0000,msvcr90.dll,fflush,false
0x14aaec7,0x6a3d0d95,msvcr90.dll,ftell,false
0x14aaecd,0x6a3e4df0,msvcr90.dll,_mbsrchr,false
0x14aaed3,0x6a3d6a87,msvcr90.dll,_strdup,false
0x14aaed9,0x6a3d4c89,msvcr90.dll,_vsnprintf_s,false
0x14aaedf,0x6a3d06a6,msvcr90.dll,fread,false
0x14aaee5,0x6a3d6f2e,msvcr90.dll,strtok,false
0x14aaeeb,0x6a3db310,msvcr90.dll,memmove,false
0x14aaef1,0x6a3fa979,msvcr90.dll,_wcsupr_s,false
0x14aaef7,0x6a3fa9b4,msvcr90.dll,_wcsupr,false
0x14aaefd,0x6a3d78ed,msvcr90.dll,wcstok,false
0x14ab281,0x6a41b330,msvcr90.dll,_CIpow,false
0x14ab287,0x6a41b6b0,msvcr90.dll,_CIsqrt,false
0x14ab28d,0x6a41b7b0,msvcr90.dll,_CItan,false
0x14ab293,0x6a3db680,msvcr90.dll,memset,false
0x14ab299,0x6a3fdb6e,msvcr90.dll,__CxxFrameHandler,false
0x14ab29f,0x6a3dae20,msvcr90.dll,memcpy,false
0x14ab35d,0x6a41ae30,msvcr90.dll,_CIcos,false
0x14ab363,0x6a41b5c0,msvcr90.dll,_CIsin,false
0x14ab3b1,0x6a423110,msvcr90.dll,ceil,false
0x14ab3b7,0x6a423300,msvcr90.dll,floor,false
0x14ab3bd,0x6a3fdf18,msvcr90.dll,_CxxThrowException,false
0x14ab405,0x6a3c34cd,msvcr90.dll,_beginthreadex,false
0x14ab40b,0x6a41aa50,msvcr90.dll,_CIacos,false
0x14ab43d,0x6a41256b,msvcr90.dll,abort,false
0x14ab443,0x6a3d2253,msvcr90.dll,puts,false
0x14ab449,0x6a4129b8,msvcr90.dll,_splitpath_s,false
0x14ab4b9,0x6a3d6ff7,msvcr90.dll,strtok_s,false
0x14ab4bf,0x6a41affa,msvcr90.dll,_CIfmod,false
0x14ab4c5,0x6a3dbd60,msvcr90.dll,strpbrk,false
0x14ab4cb,0x6a3dc791,msvcr90.dll,isspace,false
0x14ab4d1,0x6a3dc678,msvcr90.dll,isdigit,false
0x14ab4d7,0x6a41aba0,msvcr90.dll,_CIasin,false
0x14ab4dd,0x6a3d9b66,msvcr90.dll,_gmtime64_s,false
0x14ab4e3,0x6a3f8f83,msvcr90.dll,strcoll,false
0x14ab4e9,0x6a3f90b7,msvcr90.dll,_stricmp,false
0x14ab4ef,0x6a3f96ae,msvcr90.dll,_strnicmp,false
0x14ab4f5,0x6a3d00d9,msvcr90.dll,_fsopen,false
0x14ab4fb,0x6a3d9b56,msvcr90.dll,_ftime64,false
0x14ab527,0x6a40f212,msvcr90.dll,getenv_s,false
0x14ab52d,0x6a3ded7f,msvcr90.dll,toupper,false
0x14ab533,0x6a3c8a5d,msvcr90.dll,_getcwd,false
0x14ab539,0x6a3f99fb,msvcr90.dll,_strupr_s,false
0x14ab53f,0x6a3f93ca,msvcr90.dll,_strlwr_s,false
0x14ab545,0x6a40d23f,msvcr90.dll,signal,false
0x14ab54b,0x6a3de70f,msvcr90.dll,strtol,false
0x14ab551,0x6a3dea50,msvcr90.dll,_strtoi64,false
0x14ab557,0x6a3deaa2,msvcr90.dll,_strtoui64,false
0x14ab55d,0x6a3dc4db,msvcr90.dll,isalpha,false
0x14ab563,0x6a3dc8a8,msvcr90.dll,isalnum,false
0x14ab569,0x6a3ce3e5,msvcr90.dll,ferror,false
0x14ab56f,0x6a3cea07,msvcr90.dll,fputc,false
0x14ab575,0x6a3d373a,msvcr90.dll,swscanf_s,false
0x14ab57b,0x6a3c6646,msvcr90.dll,_itoa_s,false
0x14ab581,0x6a3d799d,msvcr90.dll,wcstok_s,false
0x14ab587,0x6a3f9e36,msvcr90.dll,_wcsicmp,false
0x14ab58d,0x6a3db190,msvcr90.dll,memchr,false
0x14ab593,0x6a3d537d,msvcr90.dll,_vsnwprintf_s,false
0x14ab599,0x6a41adda,msvcr90.dll,_CIatan2,false
0x14ab59f,0x6a3db9c0,msvcr90.dll,strlen,false
0x14ab5a5,0x6a3db8e0,msvcr90.dll,strcmp,false
0x14ab5ab,0x6a41acf0,msvcr90.dll,_CIatan,false
0x14ab5b1,0x6a403fe6,msvcr90.dll,_aligned_msize,false
0x14ab5c1,0x6a3fa21b,msvcr90.dll,_wcslwr_s,false
0x14ab5c7,0x6a3d7839,msvcr90.dll,wcsspn,false
0x14ab5cd,0x6a3d729e,msvcr90.dll,wcscspn,false
0x14ab5d3,0x6a3dce02,msvcr90.dll,iswdigit,false
0x14ab5d9,0x6a3dce70,msvcr90.dll,iswspace,false
0x14ab5df,0x6a3e50b0,msvcr90.dll,_mbsspn,false
0x14ab5e5,0x6a3e0676,msvcr90.dll,_ismbcdigit,false
0x14ab5eb,0x6a3fe3f0,msvcr90.dll,__RTDynamicCast,false
0x14ab5f1,0x6a413678,msvcr90.dll,_wmakepath_s,false
0x14ab5f7,0x6a4143f3,msvcr90.dll,_wsplitpath_s,false
0x14ab5fd,0x6a3d7364,msvcr90.dll,wcsnlen,false
0x14ab6ed,0x6a3c66a1,msvcr90.dll,_ultoa_s,false
0x14ab6f3,0x6a3fbe59,msvcr90.dll,wcsftime,false
0x14ab6f9,0x6a3d7cb4,msvcr90.dll,clock,false
0x14ab6ff,0x6a41af9c,msvcr90.dll,_CIexp,false
0x14ab705,0x6a41b070,msvcr90.dll,_CIlog,false
0x14ab767,0x6a3c33ef,msvcr90.dll,_endthreadex,false
0x14ab76d,0x6a41a95b,msvcr90.dll,_controlfp_s,false
0x14ab817,0x6a3de4bf,msvcr90.dll,strtod,false
0x14ab81d,0x6a410b1d,msvcr90.dll,localeconv,false
0x14ab823,0x6a4126f0,msvcr90.dll,_setjmp3,false
0x14ab829,0x6a4147d8,msvcr90.dll,longjmp,false
0x14ab82f,0x6a3f9fb4,msvcr90.dll,_wcsicoll,false
0x14ab835,0x6a3f9cc9,msvcr90.dll,wcscoll,false
0x14ab83b,0x6a3c8553,msvcr90.dll,_errno,false
0x14ab841,0x6a3d255b,msvcr90.dll,rewind,false
0x14ab847,0x6a3d57d7,msvcr90.dll,_wfopen_s,false
0x14ab84d,0x6a3ca9c4,msvcr90.dll,_wstat64,false
0x14ab853,0x6a3dc706,msvcr90.dll,isxdigit,false
0x14ab859,0x6a3dbe60,msvcr90.dll,strspn,false
0x14ab85f,0x6a3db970,msvcr90.dll,strcspn,false
0x14aba03,0x6a4236c0,msvcr90.dll,modf,false
0x14aba09,0x6a3c4792,msvcr90.dll,memcmp,false
0x14aba0f,0x6a3dddfb,msvcr90.dll,mbstowcs_s,false
0x14aba15,0x6a41b1d0,msvcr90.dll,_CIlog10,false
0x14aba1b,0x6a3d6c41,msvcr90.dll,strncat_s,false
0x14aba21,0x6a41adf0,msvcr90.dll,cos,false
0x14aba27,0x6a41b6c4,msvcr90.dll,sqrt,false
0x14aba2d,0x6a3dbb90,msvcr90.dll,strncpy,false
0x14aba33,0x6a3ce568,msvcr90.dll,fgets,false
0x14aba39,0x6a3ceb18,msvcr90.dll,fputs,false
0x14aba3f,0x6a414f94,msvcr90.dll,strerror,false
0x14aba45,0x6a410c85,msvcr90.dll,__sys_nerr,false
0x14aba4b,0x6a4079bd,msvcr90.dll,_fstat64,false
0x14aba51,0x6a409442,msvcr90.dll,_lseeki64,false
0x14aba57,0x6a40f18a,msvcr90.dll,getenv,false
0x14aba83,0x6a3d9dae,msvcr90.dll,_gmtime64,false
0x14aba89,0x6a3c90e7,msvcr90.dll,_stat64,false
0x14aba8f,0x6a3dc5ef,msvcr90.dll,islower,false
0x14aba95,0x6a3dc566,msvcr90.dll,isupper,false
0x14aba9b,0x6a3dc938,msvcr90.dll,isprint,false
0x14abaa1,0x6a3dc9c8,msvcr90.dll,isgraph,false
0x14abaa7,0x6a423426,msvcr90.dll,frexp,false
0x14abaad,0x6a41b2f0,msvcr90.dll,pow,false
0x14abab3,0x6a4147c1,msvcr90.dll,labs,false
0x14abbbf,0x6a3fbe7b,msvcr90.dll,?terminate@@YAXXZ,false
0x14abbc5,0x6a3c2e16,msvcr90.dll,_unlock,false
0x14abbcb,0x6a40ceb7,msvcr90.dll,__dllonexit,false
0x14abbd1,0x6a3c3582,msvcr90.dll,_encode_pointer,false
0x14abbd7,0x6a3c2efa,msvcr90.dll,_lock,false
0x14abbdd,0x6a3c3607,msvcr90.dll,_decode_pointer,false
0x14abc33,0x6a3c2157,msvcr90.dll,_amsg_exit,false
0x14abc39,0x6a3c2793,msvcr90.dll,__getmainargs,false
0x14abc8b,0x6a3c248b,msvcr90.dll,_cexit,false
0x14abc91,0x6a3c2470,msvcr90.dll,_exit,false
0x14abc97,0x6a40cf88,msvcr90.dll,_XcptFilter,false
0x14abc9d,0x6a3e04e0,msvcr90.dll,_ismbblead,false
0x14abdff,0x6a3c21ee,msvcr90.dll,_initterm,false
0x14abe05,0x6a3c2211,msvcr90.dll,_initterm_e,false
0x14abe0b,0x6a40df51,msvcr90.dll,_configthreadlocale,false
0x14abe61,0x6a3c1bff,msvcr90.dll,__setusermatherr,false
0x14abe6d,0x6a3c2a99,msvcr90.dll,__p__commode,false
0x14abe73,0x6a3c2ace,msvcr90.dll,__p__fmode,false
0x14abe79,0x6a3c1be0,msvcr90.dll,__set_app_type,false
0x14abfd5,0x6a411850,msvcr90.dll,_except_handler4_common,false
0x14abfdb,0x6a411661,msvcr90.dll,_crt_debugger_hook,false
0x14abfe1,0x6a3fc32f,msvcr90.dll,?_type_info_dtor_internal_method@type_info@@QAEXXZ,false
0x14abfe7,0x6a40cb33,msvcr90.dll,_invoke_watson,false
0x14abfed,0x731c1600,wininet.dll,InternetCloseHandle,false
0x14abff3,0x73156350,wininet.dll,InternetOpenA,false
0x14abff9,0x73185b10,wininet.dll,InternetConnectA,false
0x14abfff,0x73229f90,wininet.dll,InternetGetLastResponseInfoA,false
0x14ac005,0x7323d240,wininet.dll,FtpCreateDirectoryA,false
0x14ac00b,0x7323ddc0,wininet.dll,FtpSetCurrentDirectoryA,false
0x14ac011,0x7323da10,wininet.dll,FtpPutFileA,false
0x14ac017,0x73250cf0,wininet.dll,HttpOpenRequestA,false
0x14ac01d,0x731d8e20,wininet.dll,HttpSendRequestExA,false
0x14ac023,0x7322a160,wininet.dll,InternetSetFilePointer,false
0x14ac029,0x73152ce0,wininet.dll,InternetWriteFile,false
0x14ac02f,0x731d4af0,wininet.dll,HttpEndRequestA,false
0x14ac035,0x74411520,version.dll,GetFileVersionInfoSizeA,false
0x14ac03b,0x74411500,version.dll,GetFileVersionInfoA,false
0x14ac041,0x74411540,version.dll,VerQueryValueA,false
0x14ac047,0x695f33f0,dinput8.dll,DirectInput8Create,false
0x14ad101,0x6928b910,dbgcore.dll,MiniDumpWriteDump,false
0x14ad107,0x74314e70,mswsock.dll,GetAcceptExSockaddrs,false
0x14ad10d,0x68ce7ab6,d3dx10_42.dll,D3DX10CompileFromMemory,false
0x14ad113,0x5ef91480,neomon.dll,NIGS_4,false
0x14ad119,0x5ef91490,neomon.dll,NIGS_5,false
0x14ad11f,0x5ef914b0,neomon.dll,NIGS_7,false
0x14ad125,0x5ef914d0,neomon.dll,NIGS_6,false
0x14ad12b,0x5ef911b0,neomon.dll,NIGS_1,false
0x14ad131,0x5ef91200,neomon.dll,NIGS_2,false
0x14ad137,0x5ef91380,neomon.dll,NIGS_3,false
0x14ad13d,0x76ee2350,ntdll.dll,RtlInterlockedPushEntrySList,false
0x14ad143,0x76ee2300,ntdll.dll,RtlInterlockedPopEntrySList,false
0x14ad149,0x76f08df0,ntdll.dll,RtlInitializeSListHead,false
0x14ad14f,0x758532f0,kernel32.dll,SetEvent,false
0x14ad155,0x75852610,kernel32.dll,ExpandEnvironmentStringsA,false
0x14ad15b,0x75853370,kernel32.dll,CreateDirectoryA,false
0x14ad161,0x758520e0,kernel32.dll,GetProcessAffinityMask,false
0x14ad167,0x758508b0,kernel32.dll,SetErrorMode,false
0x14ad16d,0x758535f0,kernel32.dll,GetFileTime,false
0x14ad173,0x758533b0,kernel32.dll,CreateFileW,false
0x14ad179,0x7584f7d0,kernel32.dll,LocalFree,false
0x14ad17f,0x75851e60,kernel32.dll,FormatMessageW,false
0x14ad185,0x7588ad10,kernel32.dll,OpenFile,false
0x14ad18b,0x75853360,kernel32.dll,CompareFileTime,false
0x14ad191,0x75852640,kernel32.dll,GetTickCount,false
0x14ad197,0x75853250,kernel32.dll,InitializeCriticalSectionAndSpinCount,false
0x14ad19d,0x76f00f30,ntdll.dll,RtlTryEnterCriticalSection,false
0x14ad1a3,0x75865340,kernel32.dll,DebugBreak,false
0x14ad1a9,0x75841f60,kernel32.dll,FindResourceW,false
0x14ad1af,0x7584fe60,kernel32.dll,FindResourceExW,false
0x14ad1b5,0x76ee6070,ntdll.dll,RtlAllocateHeap,false
0x14ad1bb,0x7584f620,kernel32.dll,GetProcessHeap,false
0x14ad1c1,0x7584e200,kernel32.dll,HeapFree,false
0x14ad1c7,0x76ee28e0,ntdll.dll,RtlReAllocateHeap,false
0x14ad1cd,0x75851900,kernel32.dll,GetSystemTime,false
0x14ad1d3,0x75853550,kernel32.dll,GetDiskFreeSpaceW,false
0x14ad1d9,0x758664f0,kernel32.dll,OutputDebugStringW,false
0x14ad1df,0x75844e90,kernel32.dll,GlobalMemoryStatus,false
0x14ad1e5,0x75848fb0,kernel32.dll,SetCurrentDirectoryW,false
0x14ad1eb,0x75848410,kernel32.dll,GetLocaleInfoA,false
0x14ad1f1,0x75850a20,kernel32.dll,Process32NextW,false
0x14ad1f7,0x75851ea0,kernel32.dll,Process32FirstW,false
0x14ad1fd,0x75856a40,kernel32.dll,CreateToolhelp32Snapshot,false
0x14ad203,0x75844d30,kernel32.dll,InterlockedCompareExchange,false
0x14ad209,0x75848ae0,kernel32.dll,GetCurrentDirectoryW,false
0x14ad20f,0x75853380,kernel32.dll,CreateDirectoryW,false
0x14ad215,0x75851fd0,kernel32.dll,QueueUserWorkItem,false
0x14ad21b,0x75851b40,kernel32.dll,GetVersionExW,false
0x14ad221,0x75842e40,kernel32.dll,InterlockedExchange,false
0x14ad227,0x75867140,kernel32.dll,SetThreadPriorityBoost,false
0x14ad22d,0x75845100,kernel32.dll,HeapValidate,false
0x14ad233,0x75850e90,kernel32.dll,HeapDestroy,false
0x14ad239,0x75850ce0,kernel32.dll,HeapCreate,false
0x14ad23f,0x75864f40,kernel32.dll,CancelIo,false
0x14ad245,0x75853320,kernel32.dll,WaitForMultipleObjects,false
0x14ad24b,0x758531d0,kernel32.dll,CreateEventW,false
0x14ad251,0x75852540,kernel32.dll,CreateIoCompletionPort,false
0x14ad257,0x75852500,kernel32.dll,PostQueuedCompletionStatus,false
0x14ad25d,0x75852520,kernel32.dll,GetQueuedCompletionStatus,false
0x14ad263,0x75853160,kernel32.dll,DuplicateHandle,false
0x14ad269,0x758653b0,kernel32.dll,DeleteTimerQueueTimer,false
0x14ad26f,0x758652e0,kernel32.dll,CreateTimerQueueTimer,false
0x14ad275,0x758652d0,kernel32.dll,CreateTimerQueue,false
0x14ad27b,0x75865390,kernel32.dll,DeleteTimerQueueEx,false
0x14ad281,0x76ecb150,ntdll.dll,RtlAddVectoredExceptionHandler,false
0x14ad287,0x75853230,kernel32.dll,CreateSemaphoreW,false
0x14ad28d,0x76efbdc0,ntdll.dll,RtlSizeHeap,false
0x14ad293,0x7584f660,kernel32.dll,VirtualAlloc,false
0x14ad299,0x7584f760,kernel32.dll,VirtualFree,false
0x14ad29f,0x75851f60,kernel32.dll,GetTimeZoneInformation,false
0x14ad2a5,0x75850940,kernel32.dll,GetLocaleInfoW,false
0x14ad2ab,0x75850d20,kernel32.dll,GetThreadPriority,false
0x14ad2b1,0x75852380,kernel32.dll,GetExitCodeThread,false
0x14ad2b7,0x75853310,kernel32.dll,SleepEx,false
0x14ad2bd,0x75866500,kernel32.dll,PeekNamedPipe,false
0x14ad2c3,0x75853600,kernel32.dll,GetFileType,false
0x14ad2c9,0x758519a0,kernel32.dll,GetStdHandle,false
0x14ad2cf,0x75856a20,kernel32.dll,ExitProcess,false
0x14ad2d5,0x75850f20,kernel32.dll,GetStartupInfoA,false
0x14ad2db,0x758672e0,kernel32.dll,UnhandledExceptionFilter,false
0x14ad2e1,0x75852370,kernel32.dll,IsDebuggerPresent,false
0x14ad2e7,0x7584f630,kernel32.dll,GetSystemTimeAsFileTime,false
0x14ad2ed,0x75081ea0,user32.dll,GetCursorInfo,false
0x14ad2f3,0x750c0ba0,user32.dll,MessageBoxW,false
0x14ad2f9,0x75065560,user32.dll,LoadStringA,false
0x14ad2ff,0x7507f5e0,user32.dll,LoadStringW,false
0x14ad305,0x7507fb60,user32.dll,GetKeyboardLayout,false
0x14ad30b,0x750ca160,user32.dll,GetKeyboardLayoutNameA,false
0x14ad311,0x750815b0,user32.dll,ActivateKeyboardLayout,false
0x14ad317,0x75081fb0,user32.dll,GetKeyboardLayoutList,false
0x14ad31d,0x75082930,user32.dll,SendInput,false
0x14ad323,0x7506b2e0,user32.dll,MapVirtualKeyW,false
0x14ad329,0x75075600,user32.dll,GetWindowInfo,false
0x14ad32f,0x75069cb0,user32.dll,ToUnicodeEx,false
0x14ad335,0x76f28630,ntdll.dll,NtdllDefWindowProc_W,false
0x14ad33b,0x7506c6b0,user32.dll,ShowOwnedPopups,false
0x14ad341,0x750695d0,user32.dll,UnregisterClassA,false
0x14ad347,0x75081be0,user32.dll,DestroyWindow,false
0x14ad34d,0x75068bf0,user32.dll,wvsprintfA,false
0x14ad353,0x75df4150,gdi32.dll,GetGlyphOutlineW,false
0x14ad359,0x75df4710,gdi32.dll,CreateFontW,false
0x14ad35f,0x75df87d0,gdi32.dll,GetKerningPairsW,false
0x14ad365,0x75df8690,gdi32.dll,EnumFontFamiliesExW,false
0x14ad36b,0x75df6f40,gdi32.dll,GetTextMetricsW,false
0x14ad371,0x75d2f260,advapi32.dll,RegCreateKeyExW,false
0x14ad377,0x75d2f220,advapi32.dll,RegSetValueExW,false
0x14ad37d,0x75d2faf0,advapi32.dll,CryptReleaseContext,false
0x14ad383,0x75d30920,advapi32.dll,CryptGenRandom,false
0x14ad389,0x75d2f990,advapi32.dll,CryptAcquireContextW,false
0x14ad38f,0x75d330e0,advapi32.dll,RegEnumKeyExA,false
0x14ad395,0x75d2f130,advapi32.dll,RegQueryInfoKeyW,false
0x14ad39b,0x75d2f540,advapi32.dll,CryptCreateHash,false
0x14ad3a1,0x75d30160,advapi32.dll,CryptAcquireContextA,false
0x14ad3a7,0x75d2f660,advapi32.dll,CryptHashData,false
0x14ad3ad,0x75d2f970,advapi32.dll,CryptDestroyHash,false
0x14ad3b3,0x75d2f2a0,advapi32.dll,CryptGetHashParam,false
0x14ad3b9,0x763242b0,shell32.dll,SHGetFolderPathW,false
0x14ad3bf,0x75a9d360,combase.dll,CoInitializeEx,false
0x14ad3c5,0x75a92c40,combase.dll,CoSetProxyBlanket,false
0x14ad3cb,0x75a82bf0,combase.dll,CoTaskMemFree,false
0x14ad3d1,0x75423f50,oleaut32.dll,SysStringLen,false
0x14ad3d7,0x7542f620,oleaut32.dll,SysAllocStringByteLen,false
0x14ad3dd,0x75426520,oleaut32.dll,SysStringByteLen,false
0x14ad3e3,0x7542e9e0,oleaut32.dll,VariantClear,false
0x14ad3e9,0x75446dc0,oleaut32.dll,GetErrorInfo,false
0x14ad3ef,0x7542d7d0,oleaut32.dll,VariantChangeType,false
0x14ad3f5,0x75446dd0,oleaut32.dll,SetErrorInfo,false
0x14ad3fb,0x75446db0,oleaut32.dll,CreateErrorInfo,false
0x14eddcd,0x72b7ccf0,d3d9.dll,D3DPERF_BeginEvent,false
0x14eddd3,0x72b7cd30,d3d9.dll,D3DPERF_EndEvent,false
0x14eddd9,0x681e02d0,dsound.dll,DirectSoundCreate8,false
0x14edddf,0x7692ef70,wldap32.dll,ldap_unbind_s,false
0x14edde5,0x768fb320,wldap32.dll,ldap_msgfree,false
0x14eddeb,0x76929c60,wldap32.dll,ldap_next_entry,false
0x14eddf1,0x7691e7e0,wldap32.dll,ber_free,false
0x14eddf7,0x76911680,wldap32.dll,ldap_next_attribute,false
0x14eddfd,0x7692fc80,wldap32.dll,ldap_memfreeA,false
0x14ede03,0x768fb6f0,wldap32.dll,ldap_value_free,false
0x14ede09,0x768f26b0,wldap32.dll,ldap_get_values_len,false
0x14ede0f,0x76911540,wldap32.dll,ldap_first_attribute,false
0x14ede15,0x76929740,wldap32.dll,ldap_get_dnA,false
0x14ede1b,0x768f61d0,wldap32.dll,ldap_first_entry,false
0x14ede21,0x7692a560,wldap32.dll,ldap_search_sA,false
0x14ede27,0x76914120,wldap32.dll,ldap_simple_bind_s,false
0x14ede2d,0x76921a20,wldap32.dll,ldap_initA,false
0x14ede33,0x7691b120,wldap32.dll,ldap_set_option,false
0x14ede39,0x7692fc00,wldap32.dll,ldap_err2stringA,false
0x14fc11d,0x74da5350,ws2_32.dll,htonl,false
0x14fc123,0x74dcbe30,ws2_32.dll,inet_pton,false
0x14fc129,0x74dcce90,ws2_32.dll,getnameinfo,false
0x14fc12f,0x74da5350,ws2_32.dll,htonl,false
0x14fc135,0x6a3f9405,msvcr90.dll,_strlwr,false
0x14fc13b,0x6a406caa,msvcr90.dll,_close,false
0x14fc141,0x6a409c98,msvcr90.dll,_write,false
0x14fc147,0x6a4077d5,msvcr90.dll,_open,false
0x14fc14d,0x6a4092b6,msvcr90.dll,_read,false
0x14fc153,0x6a3c83cf,msvcr90.dll,_chdir,false
0x14fc159,0x6a3c95c1,msvcr90.dll,_stat64i32,false
0x14fc15f,0x6a3d0b55,msvcr90.dll,_fseeki64,false
0x14fc165,0x6a3d21b1,msvcr90.dll,printf_s,false
0x14fc16b,0x6a3d338c,msvcr90.dll,_snwprintf_s,false
0x14fc171,0x6a3d6292,msvcr90.dll,wprintf_s,false
0x14fc177,0x68d09600,d3dx10_42.dll,D3DX10SaveTextureToMemory,false
0x14fc17d,0x68d078f9,d3dx10_42.dll,D3DX10LoadTextureFromTexture,false
0x14fc183,0x75853dd0,kernel32.dll,SetConsoleTextAttribute,false
0x14ab2a4,0x6a0f132c,msvcp90.dll,?npos@?$basic_string@DU?$char_traits@D@std@@V?$allocator@D@2@@std@@2IB,true
0x14ab2aa,0x6a43c618,msvcr90.dll,_adjust_fdiv,true
0x14ab368,0x6a43ba2c,msvcr90.dll,_acmdln,true
0x14ab3c2,0x6a40ce5a,msvcr90.dll,_onexit,true
