Calladdr,Address,Module,Function
0x01588000,0x7622f2a0,advapi32.dll,CryptGetHashParam
0x01588004,0x7622f970,advapi32.dll,CryptDestroyHash
0x01588008,0x7622f660,advapi32.dll,CryptHashData
0x0158800C,0x76230160,advapi32.dll,CryptAcquireContextA
0x01588010,0x7622f540,advapi32.dll,CryptCreateHash
0x01588014,0x7622f130,advapi32.dll,RegQueryInfoKeyW
0x01588018,0x762330e0,advapi32.dll,RegEnumKeyExA
0x0158801C,0x7622f990,advapi32.dll,CryptAcquireContextW
0x01588020,0x76230920,advapi32.dll,CryptGenRandom
0x01588024,0x7622faf0,advapi32.dll,CryptReleaseContext
0x01588028,0x7622f220,advapi32.dll,RegSetValueExW
0x0158802C,0x7622f260,advapi32.dll,RegCreateKeyExW
0x01588030,0x762306f0,advapi32.dll,RegSetValueExA
0x01588034,0x762339f0,advapi32.dll,GetUserNameA
0x01588038,0x7622ef10,advapi32.dll,RegQueryValueExW
0x0158803C,0x7622f150,advapi32.dll,RegCloseKey
0x01588040,0x7622f240,advapi32.dll,RegOpenKeyExA
0x01588044,0x7622efe0,advapi32.dll,RegOpenKeyExW
0x01588048,0x7622f940,advapi32.dll,GetUserNameW
0x0158804C,0x7622f580,advapi32.dll,RegCreateKeyExA
0x01588050,0x7622f080,advapi32.dll,RegQueryValueExA
0x01588054,0x00000000,,
0x01588058,0x76fd5390,comdlg32.dll,ChooseColorA
0x0158805C,0x00000000,,
0x01588060,0x731c33f0,dinput8.dll,DirectInput8Create
0x01588064,0x00000000,,
0x01588068,0x6e3502d0,dsound.dll,DirectSoundCreate8
0x0158806C,0x00000000,,
0x01588070,0x76036f40,gdi32.dll,GetTextMetricsW
0x01588074,0x76038690,gdi32.dll,EnumFontFamiliesExW
0x01588078,0x760387d0,gdi32.dll,GetKerningPairsW
0x0158807C,0x76034710,gdi32.dll,CreateFontW
0x01588080,0x76034150,gdi32.dll,GetGlyphOutlineW
0x01588084,0x76036d90,gdi32.dll,CreateCompatibleDC
0x01588088,0x76036ca0,gdi32.dll,SelectObject
0x0158808C,0x76036de0,gdi32.dll,BitBlt
0x01588090,0x76036890,gdi32.dll,DeleteDC
0x01588094,0x76035880,gdi32.dll,DeleteObject
0x01588098,0x76035170,gdi32.dll,TextOutA
0x0158809C,0x76036e90,gdi32.dll,SetTextColor
0x015880A0,0x76036fc0,gdi32.dll,SetBkMode
0x015880A4,0x760352a0,gdi32.dll,CreateFontA
0x015880A8,0x76035e80,gdi32.dll,CreateDIBSection
0x015880AC,0x76035fc0,gdi32.dll,GetDeviceCaps
0x015880B0,0x760350f0,gdi32.dll,CreateDCA
0x015880B4,0x76038ed0,gdi32.dll,SetDeviceGammaRamp
0x015880B8,0x7603ae70,gdi32.dll,GetDeviceGammaRamp
0x015880BC,0x76035f50,gdi32.dll,GetStockObject
0x015880C0,0x00000000,,
0x015880C4,0x76aadb60,imm32.dll,ImmGetVirtualKey
0x015880C8,0x76aa5780,imm32.dll,ImmGetDefaultIMEWnd
0x015880CC,0x76aa8fa0,imm32.dll,ImmSetCompositionStringW
0x015880D0,0x76aa7550,imm32.dll,ImmAssociateContextEx
0x015880D4,0x76aadbb0,imm32.dll,ImmIsUIMessageA
0x015880D8,0x76aa2a80,imm32.dll,ImmGetOpenStatus
0x015880DC,0x76aa4260,imm32.dll,ImmGetContext
0x015880E0,0x76aadbe0,imm32.dll,ImmIsUIMessageW
0x015880E4,0x76aacbd0,imm32.dll,ImmGetIMEFileNameA
0x015880E8,0x76aa2a30,imm32.dll,ImmGetConversionStatus
0x015880EC,0x76aa94d0,imm32.dll,ImmSetConversionStatus
0x015880F0,0x76aa95b0,imm32.dll,ImmSetOpenStatus
0x015880F4,0x76aabba0,imm32.dll,ImmNotifyIME
0x015880F8,0x76aa8460,imm32.dll,ImmGetCompositionStringW
0x015880FC,0x76aa8c70,imm32.dll,ImmSetCandidateWindow
0x01588100,0x76aa9440,imm32.dll,ImmSetCompositionWindow
0x01588104,0x76aace00,imm32.dll,ImmGetProperty
0x01588108,0x76aa81c0,imm32.dll,ImmGetCandidateListW
0x0158810C,0x76aa58f0,imm32.dll,ImmReleaseContext
0x01588110,0x00000000,,
0x01588114,0x763a11a0,kernel32.dll,Sleep
0x01588118,0x76398da0,kernel32.dll,WritePrivateProfileStringA
0x0158811C,0x763a1640,kernel32.dll,GetComputerNameW
0x01588120,0x763a1980,kernel32.dll,QueryPerformanceFrequency
0x01588124,0x7639e1e0,kernel32.dll,QueryPerformanceCounter
0x01588128,0x763e19c0,kernel32.dll,SetThreadAffinityMask
0x0158812C,0x7639b750,kernel32.dll,GetPrivateProfileIntA
0x01588130,0x7639b7d0,kernel32.dll,GetPrivateProfileStringA
0x01588134,0x763a2080,kernel32.dll,GlobalMemoryStatusEx
0x01588138,0x763a0d00,kernel32.dll,GetModuleHandleA
0x0158813C,0x763a1a00,kernel32.dll,GetVersionExA
0x01588140,0x7639eaa0,kernel32.dll,lstrcmpiA
0x01588144,0x763a3450,kernel32.dll,FindFirstFileA
0x01588148,0x763a34c0,kernel32.dll,FindNextFileA
0x0158814C,0x763a3410,kernel32.dll,FindClose
0x01588150,0x763a0e00,kernel32.dll,GetLocalTime
0x01588154,0x763a11b0,kernel32.dll,CreateThread
0x01588158,0x763a33a0,kernel32.dll,CreateFileA
0x0158815C,0x763a3820,kernel32.dll,WriteFile
0x01588160,0x763a3150,kernel32.dll,CloseHandle
0x01588164,0x763b5840,kernel32.dll,GetCurrentDirectoryA
0x01588168,0x763a2180,kernel32.dll,GetCommandLineA
0x0158816C,0x763a35d0,kernel32.dll,GetFileSize
0x01588170,0x763a3730,kernel32.dll,ReadFile
0x01588174,0x763d9930,kernel32.dll,GetPrivateProfileStructA
0x01588178,0x763a13e0,kernel32.dll,TlsAlloc
0x0158817C,0x763a1210,kernel32.dll,TlsFree
0x01588180,0x763983c0,kernel32.dll,lstrcpyA
0x01588184,0x76399080,kernel32.dll,GetComputerNameA
0x01588188,0x76398c30,kernel32.dll,FormatMessageA
0x0158818C,0x763a37c0,kernel32.dll,SetFilePointer
0x01588190,0x763a3580,kernel32.dll,GetFileAttributesA
0x01588194,0x76398990,kernel32.dll,GetEnvironmentVariableA
0x01588198,0x763b7250,kernel32.dll,SuspendThread
0x0158819C,0x763b5c90,kernel32.dll,GetThreadContext
0x015881A0,0x763a1b90,kernel32.dll,ResumeThread
0x015881A4,0x763b6830,kernel32.dll,ReadProcessMemory
0x015881A8,0x763a31a0,kernel32.dll,CreateEventA
0x015881AC,0x763a0960,kernel32.dll,SetThreadPriority
0x015881B0,0x763a32e0,kernel32.dll,ResetEvent
0x015881B4,0x763a3340,kernel32.dll,WaitForSingleObject
0x015881B8,0x763a32c0,kernel32.dll,ReleaseMutex
0x015881BC,0x76396230,kernel32.dll,CreateSemaphoreA
0x015881C0,0x763a32d0,kernel32.dll,ReleaseSemaphore
0x015881C4,0x7639e420,kernel32.dll,GlobalLock
0x015881C8,0x763a0890,kernel32.dll,GlobalAlloc
0x015881CC,0x763a19c0,kernel32.dll,SetUnhandledExceptionFilter
0x015881D0,0x763a31e0,kernel32.dll,CreateMutexA
0x015881D4,0x763a0850,kernel32.dll,RaiseException
0x015881D8,0x76399910,kernel32.dll,TerminateProcess
0x015881DC,0x7639ea50,kernel32.dll,GetCurrentThread
0x015881E0,0x763a1960,kernel32.dll,LoadLibraryW
0x015881E4,0x763a0ba0,kernel32.dll,GetModuleFileNameW
0x015881E8,0x763a3100,kernel32.dll,GetCurrentProcessId
0x015881EC,0x763a30f0,kernel32.dll,GetCurrentProcess
0x015881F0,0x76398880,kernel32.dll,GetNumberFormatW
0x015881F4,0x76399350,kernel32.dll,OutputDebugStringA
0x015881F8,0x770bc860,ntdll.dll,RtlInitializeCriticalSection
0x015881FC,0x763a06e0,kernel32.dll,lstrlenA
0x01588200,0x770a6070,ntdll.dll,RtlAllocateHeap
0x01588204,0x7639f620,kernel32.dll,GetProcessHeap
0x01588208,0x7639e200,kernel32.dll,HeapFree
0x0158820C,0x770a28e0,ntdll.dll,RtlReAllocateHeap
0x01588210,0x763a1900,kernel32.dll,GetSystemTime
0x01588214,0x763a3550,kernel32.dll,GetDiskFreeSpaceW
0x01588218,0x763b64f0,kernel32.dll,OutputDebugStringW
0x0158821C,0x76394e90,kernel32.dll,GlobalMemoryStatus
0x01588220,0x76398fb0,kernel32.dll,SetCurrentDirectoryW
0x01588224,0x76398410,kernel32.dll,GetLocaleInfoA
0x01588228,0x763a0a20,kernel32.dll,Process32NextW
0x0158822C,0x763a1ea0,kernel32.dll,Process32FirstW
0x01588230,0x763a6a40,kernel32.dll,CreateToolhelp32Snapshot
0x01588234,0x76394d30,kernel32.dll,InterlockedCompareExchange
0x01588238,0x76398ae0,kernel32.dll,GetCurrentDirectoryW
0x0158823C,0x763a3380,kernel32.dll,CreateDirectoryW
0x01588240,0x763a1fd0,kernel32.dll,QueueUserWorkItem
0x01588244,0x763a1b40,kernel32.dll,GetVersionExW
0x01588248,0x76392e40,kernel32.dll,InterlockedExchange
0x0158824C,0x763b7140,kernel32.dll,SetThreadPriorityBoost
0x01588250,0x76395100,kernel32.dll,HeapValidate
0x01588254,0x763a0e90,kernel32.dll,HeapDestroy
0x01588258,0x763a0ce0,kernel32.dll,HeapCreate
0x0158825C,0x763b4f40,kernel32.dll,CancelIo
0x01588260,0x763a3320,kernel32.dll,WaitForMultipleObjects
0x01588264,0x763a31d0,kernel32.dll,CreateEventW
0x01588268,0x763a2540,kernel32.dll,CreateIoCompletionPort
0x0158826C,0x763a2500,kernel32.dll,PostQueuedCompletionStatus
0x01588270,0x763a2520,kernel32.dll,GetQueuedCompletionStatus
0x01588274,0x763a3160,kernel32.dll,DuplicateHandle
0x01588278,0x763b53b0,kernel32.dll,DeleteTimerQueueTimer
0x0158827C,0x763b52e0,kernel32.dll,CreateTimerQueueTimer
0x01588280,0x763b52d0,kernel32.dll,CreateTimerQueue
0x01588284,0x763b5390,kernel32.dll,DeleteTimerQueueEx
0x01588288,0x7708b150,ntdll.dll,RtlAddVectoredExceptionHandler
0x0158828C,0x763a3230,kernel32.dll,CreateSemaphoreW
0x01588290,0x770bbdc0,ntdll.dll,RtlSizeHeap
0x01588294,0x7639f660,kernel32.dll,VirtualAlloc
0x01588298,0x7639f760,kernel32.dll,VirtualFree
0x0158829C,0x763a1f60,kernel32.dll,GetTimeZoneInformation
0x015882A0,0x763a0940,kernel32.dll,GetLocaleInfoW
0x015882A4,0x763a0d20,kernel32.dll,GetThreadPriority
0x015882A8,0x763a2380,kernel32.dll,GetExitCodeThread
0x015882AC,0x763a3310,kernel32.dll,SleepEx
0x015882B0,0x763b6500,kernel32.dll,PeekNamedPipe
0x015882B4,0x763a3600,kernel32.dll,GetFileType
0x015882B8,0x763a19a0,kernel32.dll,GetStdHandle
0x015882BC,0x763a6a20,kernel32.dll,ExitProcess
0x015882C0,0x763a0f20,kernel32.dll,GetStartupInfoA
0x015882C4,0x7639e2b0,kernel32.dll,GetLastError
0x015882C8,0x763a0d80,kernel32.dll,FreeLibrary
0x015882CC,0x763a0e70,kernel32.dll,LoadLibraryA
0x015882D0,0x763a10d0,kernel32.dll,GetModuleFileNameA
0x015882D4,0x763a1bb0,kernel32.dll,GetSystemInfo
0x015882D8,0x7639e220,kernel32.dll,MultiByteToWideChar
0x015882DC,0x7639e350,kernel32.dll,lstrlenW
0x015882E0,0x7639f7f0,kernel32.dll,GetProcAddress
0x015882E4,0x7639e240,kernel32.dll,SetLastError
0x015882E8,0x763a10f0,kernel32.dll,GetModuleHandleW
0x015882EC,0x763a0660,kernel32.dll,GetACP
0x015882F0,0x7639b4b0,kernel32.dll,FindResourceExA
0x015882F4,0x76392eb0,kernel32.dll,FindResourceA
0x015882F8,0x7639eae0,kernel32.dll,LoadResource
0x015882FC,0x7639f5e0,kernel32.dll,LockResource
0x01588300,0x763a0720,kernel32.dll,SizeofResource
0x01588304,0x7639e1b0,kernel32.dll,GetCurrentThreadId
0x01588308,0x7639e1c0,kernel32.dll,TlsGetValue
0x0158830C,0x7639e250,kernel32.dll,TlsSetValue
0x01588310,0x7639e290,kernel32.dll,WideCharToMultiByte
0x01588314,0x7639eb00,kernel32.dll,InterlockedDecrement
0x01588318,0x7639fe60,kernel32.dll,FindResourceExW
0x0158831C,0x76391f60,kernel32.dll,FindResourceW
0x01588320,0x763b5340,kernel32.dll,DebugBreak
0x01588324,0x770c0f30,ntdll.dll,RtlTryEnterCriticalSection
0x01588328,0x763a3250,kernel32.dll,InitializeCriticalSectionAndSpinCount
0x0158832C,0x763a2640,kernel32.dll,GetTickCount
0x01588330,0x763a3360,kernel32.dll,CompareFileTime
0x01588334,0x763b72e0,kernel32.dll,UnhandledExceptionFilter
0x01588338,0x763a2370,kernel32.dll,IsDebuggerPresent
0x0158833C,0x7639f630,kernel32.dll,GetSystemTimeAsFileTime
0x01588340,0x7639ea80,kernel32.dll,InterlockedIncrement
0x01588344,0x7709e8b0,ntdll.dll,RtlLeaveCriticalSection
0x01588348,0x770a00b0,ntdll.dll,RtlEnterCriticalSection
0x0158834C,0x7708fc70,ntdll.dll,RtlDeleteCriticalSection
0x01588350,0x7639e370,kernel32.dll,GlobalUnlock
0x01588354,0x763dad10,kernel32.dll,OpenFile
0x01588358,0x770a2350,ntdll.dll,RtlInterlockedPushEntrySList
0x0158835C,0x770a2300,ntdll.dll,RtlInterlockedPopEntrySList
0x01588360,0x770c8df0,ntdll.dll,RtlInitializeSListHead
0x01588364,0x763a32f0,kernel32.dll,SetEvent
0x01588368,0x763a2610,kernel32.dll,ExpandEnvironmentStringsA
0x0158836C,0x763a3370,kernel32.dll,CreateDirectoryA
0x01588370,0x763a20e0,kernel32.dll,GetProcessAffinityMask
0x01588374,0x763a08b0,kernel32.dll,SetErrorMode
0x01588378,0x763a35f0,kernel32.dll,GetFileTime
0x0158837C,0x763a33b0,kernel32.dll,CreateFileW
0x01588380,0x7639f7d0,kernel32.dll,LocalFree
0x01588384,0x76395bd0,kernel32.dll,InterlockedExchangeAdd
0x01588388,0x763a3dd0,kernel32.dll,SetConsoleTextAttribute
0x0158838C,0x763a1e60,kernel32.dll,FormatMessageW
0x01588390,0x00000000,,
0x01588394,0x732f7149,msvcp90.dll,??0?$basic_string@DU?$char_traits@D@std@@V?$allocator@D@2@@std@@QAE@PBD@Z
0x01588398,0x732f5e81,msvcp90.dll,??0?$basic_string@DU?$char_traits@D@std@@V?$allocator@D@2@@std@@QAE@XZ
0x0158839C,0x732f132c,msvcp90.dll,?npos@?$basic_string@DU?$char_traits@D@std@@V?$allocator@D@2@@std@@2IB
0x015883A0,0x732fd930,msvcp90.dll,?length@?$basic_string@DU?$char_traits@D@std@@V?$allocator@D@2@@std@@QBEIXZ
0x015883A4,0x732f72b6,msvcp90.dll,??4?$basic_string@DU?$char_traits@D@std@@V?$allocator@D@2@@std@@QAEAAV01@PBD@Z
0x015883A8,0x73308a4b,msvcp90.dll,"public:__thiscallstd::basic_string<unsignedshort,structstd::char_traits<unsignedshort>,classstd::allocator<unsignedshort>>::basic_string<unsignedshort,structstd::char_traits<unsignedshort>,classstd::allocator<unsignedshort>>(unsignedshort"
0x015883AC,0x73300993,msvcp90.dll,?_Myptr@?$basic_string@GU?$char_traits@G@std@@V?$allocator@G@2@@std@@IBEPBGXZ
0x015883B0,0x73300993,msvcp90.dll,?_Myptr@?$basic_string@GU?$char_traits@G@std@@V?$allocator@G@2@@std@@IBEPBGXZ
0x015883B4,0x73306075,msvcp90.dll,??1?$basic_string@GU?$char_traits@G@std@@V?$allocator@G@2@@std@@QAE@XZ
0x015883B8,0x73305aeb,msvcp90.dll,"bool__cdeclstd::operator==<unsignedshort,structstd::char_traits<unsignedshort>,classstd::allocator<unsignedshort>>(classstd::basic_string<unsignedshort,structstd::char_traits<unsignedshort>,classstd::allocator<unsignedshort>>const&,cla"
0x015883BC,0x73305974,msvcp90.dll,"bool__cdeclstd::operator<<char,structstd::char_traits<char>,classstd::allocator<char>>(classstd::basic_string<char,structstd::char_traits<char>,classstd::allocator<char>>const&,classstd::basic_string<char,structstd::char_traits<char>,cla"
0x015883C0,0x73300993,msvcp90.dll,?_Myptr@?$basic_string@GU?$char_traits@G@std@@V?$allocator@G@2@@std@@IBEPBGXZ
0x015883C4,0x73305b67,msvcp90.dll,"bool__cdeclstd::operator<<unsignedshort,structstd::char_traits<unsignedshort>,classstd::allocator<unsignedshort>>(classstd::basic_string<unsignedshort,structstd::char_traits<unsignedshort>,classstd::allocator<unsignedshort>>const&,clas"
0x015883C8,0x733058ba,msvcp90.dll,"bool__cdeclstd::operator==<char,structstd::char_traits<char>,classstd::allocator<char>>(classstd::basic_string<char,structstd::char_traits<char>,classstd::allocator<char>>const&,classstd::basic_string<char,structstd::char_traits<char>,cl"
0x015883CC,0x7330c95a,msvcp90.dll,"classstd::basic_string<char,structstd::char_traits<char>,classstd::allocator<char>>__cdeclstd::operator+<char,structstd::char_traits<char>,classstd::allocator<char>>(classstd::basic_string<char,structstd::char_traits<char>,classstd::alloca"
0x015883D0,0x73306059,msvcp90.dll,??0?$basic_string@GU?$char_traits@G@std@@V?$allocator@G@2@@std@@QAE@XZ
0x015883D4,0x73308b0f,msvcp90.dll,"public:classstd::basic_string<unsignedshort,structstd::char_traits<unsignedshort>,classstd::allocator<unsignedshort>>&__thiscallstd::basic_string<unsignedshort,structstd::char_traits<unsignedshort>,classstd::allocator<unsignedshort>>::o"
0x015883D8,0x733097c3,msvcp90.dll,"classstd::basic_string<char,structstd::char_traits<char>,classstd::allocator<char>>__cdeclstd::operator+<char,structstd::char_traits<char>,classstd::allocator<char>>(classstd::basic_string<char,structstd::char_traits<char>,classstd::alloca"
0x015883DC,0x732f5345,msvcp90.dll,??A?$basic_string@DU?$char_traits@D@std@@V?$allocator@D@2@@std@@QAEAADI@Z
0x015883E0,0x732f501f,msvcp90.dll,?_Xfunc@tr1@std@@YAXXZ
0x015883E4,0x732f4ef3,msvcp90.dll,?compare@?$char_traits@D@std@@SAHPBD0I@Z
0x015883E8,0x732f4eb9,msvcp90.dll,?eq@?$char_traits@D@std@@SA_NABD0@Z
0x015883EC,0x73309bd2,msvcp90.dll,?swap@?$basic_string@DU?$char_traits@D@std@@V?$allocator@D@2@@std@@QAEXAAV12@@Z
0x015883F0,0x732f5468,msvcp90.dll,?rfind@?$basic_string@DU?$char_traits@D@std@@V?$allocator@D@2@@std@@QBEIPBDII@Z
0x015883F4,0x73304ac9,msvcp90.dll,"public:classstd::_String_const_iterator<unsignedshort,structstd::char_traits<unsignedshort>,classstd::allocator<unsignedshort>>__thiscallstd::basic_string<unsignedshort,structstd::char_traits<unsignedshort>,classstd::allocator<unsignedsh"
0x015883F8,0x73304a71,msvcp90.dll,?begin@?$basic_string@_WU?$char_traits@_W@std@@V?$allocator@_W@2@@std@@QBE?AV?$_String_const_iterator@_WU?$char_traits@_W@std@@V?$allocator@_W@2@@2@XZ
0x015883FC,0x73308b37,msvcp90.dll,"public:classstd::basic_string<unsignedshort,structstd::char_traits<unsignedshort>,classstd::allocator<unsignedshort>>&__thiscallstd::basic_string<unsignedshort,structstd::char_traits<unsignedshort>,classstd::allocator<unsignedshort>>::o"
0x01588400,0x73308dbf,msvcp90.dll,"public:__thiscallstd::basic_string<unsignedshort,structstd::char_traits<unsignedshort>,classstd::allocator<unsignedshort>>::basic_string<unsignedshort,structstd::char_traits<unsignedshort>,classstd::allocator<unsignedshort>>(classstd::bas"
0x01588404,0x732f757a,msvcp90.dll,?substr@?$basic_string@DU?$char_traits@D@std@@V?$allocator@D@2@@std@@QBE?AV12@II@Z
0x01588408,0x732f551f,msvcp90.dll,?rfind@?$basic_string@DU?$char_traits@D@std@@V?$allocator@D@2@@std@@QBEIDI@Z
0x0158840C,0x732f5c72,msvcp90.dll,?find_first_of@?$basic_string@DU?$char_traits@D@std@@V?$allocator@D@2@@std@@QBEIABV12@I@Z
0x01588410,0x732f5423,msvcp90.dll,?find@?$basic_string@DU?$char_traits@D@std@@V?$allocator@D@2@@std@@QBEIPBDI@Z
0x01588414,0x732fd930,msvcp90.dll,?length@?$basic_string@DU?$char_traits@D@std@@V?$allocator@D@2@@std@@QBEIXZ
0x01588418,0x732f72de,msvcp90.dll,??Y?$basic_string@DU?$char_traits@D@std@@V?$allocator@D@2@@std@@QAEAAV01@PBD@Z
0x0158841C,0x732f75a3,msvcp90.dll,"public:classstd::basic_string<char,structstd::char_traits<char>,classstd::allocator<char>>&__thiscallstd::basic_string<char,structstd::char_traits<char>,classstd::allocator<char>>::operator=(classstd::basic_string<char,structstd::char_trai"
0x01588420,0x73308def,msvcp90.dll,??Y?$basic_string@_WU?$char_traits@_W@std@@V?$allocator@_W@2@@std@@QAEAAV01@_W@Z
0x01588424,0x73309bb2,msvcp90.dll,"public:classstd::basic_string<wchar_t,structstd::char_traits<wchar_t>,classstd::allocator<wchar_t>>&__thiscallstd::basic_string<wchar_t,structstd::char_traits<wchar_t>,classstd::allocator<wchar_t>>::operator=(classstd::basic_string<wchar_t,"
0x01588428,0x733061a9,msvcp90.dll,?clear@?$basic_string@GU?$char_traits@G@std@@V?$allocator@G@2@@std@@QAEXXZ
0x0158842C,0x732f5f90,msvcp90.dll,?clear@?$basic_string@DU?$char_traits@D@std@@V?$allocator@D@2@@std@@QAEXXZ
0x01588430,0x732f5acb,msvcp90.dll,?end@?$basic_string@DU?$char_traits@D@std@@V?$allocator@D@2@@std@@QAE?AV?$_String_iterator@DU?$char_traits@D@std@@V?$allocator@D@2@@2@XZ
0x01588434,0x732f5a79,msvcp90.dll,?begin@?$basic_string@DU?$char_traits@D@std@@V?$allocator@D@2@@std@@QAE?AV?$_String_iterator@DU?$char_traits@D@std@@V?$allocator@D@2@@2@XZ
0x01588438,0x73309bd2,msvcp90.dll,?swap@?$basic_string@DU?$char_traits@D@std@@V?$allocator@D@2@@std@@QAEXAAV12@@Z
0x0158843C,0x732f75b3,msvcp90.dll,"public:classstd::basic_string<char,structstd::char_traits<char>,classstd::allocator<char>>&__thiscallstd::basic_string<char,structstd::char_traits<char>,classstd::allocator<char>>::operator+=(classstd::basic_string<char,structstd::char_tra"
0x01588440,0x732f506e,msvcp90.dll,?data@?$basic_string@DU?$char_traits@D@std@@V?$allocator@D@2@@std@@QBEPBDXZ
0x01588444,0x732f70eb,msvcp90.dll,??0?$basic_string@DU?$char_traits@D@std@@V?$allocator@D@2@@std@@QAE@PBDI@Z
0x01588448,0x732f74ec,msvcp90.dll,"public:classstd::basic_string<char,structstd::char_traits<char>,classstd::allocator<char>>&__thiscallstd::basic_string<char,structstd::char_traits<char>,classstd::allocator<char>>::replace(unsignedint,unsignedint,classstd::basic_string<c"
0x0158844C,0x732f5a03,msvcp90.dll,?erase@?$basic_string@DU?$char_traits@D@std@@V?$allocator@D@2@@std@@QAEAAV12@II@Z
0x01588450,0x7330c9a6,msvcp90.dll,"classstd::basic_string<char,structstd::char_traits<char>,classstd::allocator<char>>__cdeclstd::operator+<char,structstd::char_traits<char>,classstd::allocator<char>>(charconst*,classstd::basic_string<char,structstd::char_traits<char>,cla"
0x01588454,0x733058f2,msvcp90.dll,??$?8DU?$char_traits@D@std@@V?$allocator@D@1@@std@@YA_NABV?$basic_string@DU?$char_traits@D@std@@V?$allocator@D@2@@0@PBD@Z
0x01588458,0x73305952,msvcp90.dll,??$?9DU?$char_traits@D@std@@V?$allocator@D@1@@std@@YA_NABV?$basic_string@DU?$char_traits@D@std@@V?$allocator@D@2@@0@PBD@Z
0x0158845C,0x732fd930,msvcp90.dll,?length@?$basic_string@DU?$char_traits@D@std@@V?$allocator@D@2@@std@@QBEIXZ
0x01588460,0x733004ec,msvcp90.dll,??A?$basic_string@_WU?$char_traits@_W@std@@V?$allocator@_W@2@@std@@QBEAB_WI@Z
0x01588464,0x732f5c1a,msvcp90.dll,?find@?$basic_string@DU?$char_traits@D@std@@V?$allocator@D@2@@std@@QBEIABV12@I@Z
0x01588468,0x732f65d3,msvcp90.dll,?insert@?$basic_string@DU?$char_traits@D@std@@V?$allocator@D@2@@std@@QAEAAV12@IPBDI@Z
0x0158846C,0x732f62ad,msvcp90.dll,?append@?$basic_string@DU?$char_traits@D@std@@V?$allocator@D@2@@std@@QAEAAV12@PBD@Z
0x01588470,0x732f620a,msvcp90.dll,?append@?$basic_string@DU?$char_traits@D@std@@V?$allocator@D@2@@std@@QAEAAV12@PBDI@Z
0x01588474,0x732f7306,msvcp90.dll,"public:classstd::basic_string<char,structstd::char_traits<char>,classstd::allocator<char>>&__thiscallstd::basic_string<char,structstd::char_traits<char>,classstd::allocator<char>>::append(classstd::basic_string<char,structstd::char_traits<"
0x01588478,0x732f643c,msvcp90.dll,?assign@?$basic_string@DU?$char_traits@D@std@@V?$allocator@D@2@@std@@QAEAAV12@PBD@Z
0x0158847C,0x73306cbf,msvcp90.dll,?assign@?$basic_string@_WU?$char_traits@_W@std@@V?$allocator@_W@2@@std@@QAEAAV12@PB_W@Z
0x01588480,0x732f6c66,msvcp90.dll,?replace@?$basic_string@DU?$char_traits@D@std@@V?$allocator@D@2@@std@@QAEAAV12@IIPBD@Z
0x01588484,0x732f132c,msvcp90.dll,?npos@?$basic_string@DU?$char_traits@D@std@@V?$allocator@D@2@@std@@2IB
0x01588488,0x732fd930,msvcp90.dll,?length@?$basic_string@DU?$char_traits@D@std@@V?$allocator@D@2@@std@@QBEIXZ
0x0158848C,0x732f57e5,msvcp90.dll,?compare@?$basic_string@DU?$char_traits@D@std@@V?$allocator@D@2@@std@@QBEHIIPBDI@Z
0x01588490,0x732f8b60,msvcp90.dll,?fail@ios_base@std@@QBE_NXZ
0x01588494,0x732f8b60,msvcp90.dll,?fail@ios_base@std@@QBE_NXZ
0x01588498,0x732f8b3d,msvcp90.dll,?rdstate@ios_base@std@@QBEHXZ
0x0158849C,0x7330ac66,msvcp90.dll,?close@?$basic_ofstream@DU?$char_traits@D@std@@@std@@QAEXXZ
0x015884A0,0x73313744,msvcp90.dll,??0?$basic_ofstream@DU?$char_traits@D@std@@@std@@QAE@PBDHH@Z
0x015884A4,0x7330abdf,msvcp90.dll,?close@?$basic_ifstream@DU?$char_traits@D@std@@@std@@QAEXXZ
0x015884A8,0x73312ba7,msvcp90.dll,??0?$basic_ifstream@DU?$char_traits@D@std@@@std@@QAE@PBDHH@Z
0x015884AC,0x7331eb26,msvcp90.dll,?read@?$basic_istream@DU?$char_traits@D@std@@@std@@QAEAAV12@PADH@Z
0x015884B0,0x733010d7,msvcp90.dll,?tellp@?$basic_ostream@DU?$char_traits@D@std@@@std@@QAE?AV?$fpos@H@2@XZ
0x015884B4,0x7330a7ff,msvcp90.dll,?seekp@?$basic_ostream@DU?$char_traits@D@std@@@std@@QAEAAV12@V?$fpos@H@2@@Z
0x015884B8,0x7331d91e,msvcp90.dll,?write@?$basic_ostream@DU?$char_traits@D@std@@@std@@QAEAAV12@PBDH@Z
0x015884BC,0x7330088d,msvcp90.dll,?compare@?$basic_string@_WU?$char_traits@_W@std@@V?$allocator@_W@2@@std@@QBEHIIPB_WI@Z
0x015884C0,0x73308f11,msvcp90.dll,"public:classstd::basic_string<unsignedshort,structstd::char_traits<unsignedshort>,classstd::allocator<unsignedshort>>__thiscallstd::basic_string<unsignedshort,structstd::char_traits<unsignedshort>,classstd::allocator<unsignedshort>>::sub"
0x015884C4,0x73304b98,msvcp90.dll,"public:unsignedint__thiscallstd::basic_string<wchar_t,structstd::char_traits<wchar_t>,classstd::allocator<wchar_t>>::find_first_of(classstd::basic_string<wchar_t,structstd::char_traits<wchar_t>,classstd::allocator<wchar_t>>const&,unsigned"
0x015884C8,0x733009a6,msvcp90.dll,?find@?$basic_string@GU?$char_traits@G@std@@V?$allocator@G@2@@std@@QBEIPBGI@Z
0x015884CC,0x732fd922,msvcp90.dll,?empty@?$basic_string@DU?$char_traits@D@std@@V?$allocator@D@2@@std@@QBE_NXZ
0x015884D0,0x73304a9a,msvcp90.dll,"public:classstd::_String_iterator<unsignedshort,structstd::char_traits<unsignedshort>,classstd::allocator<unsignedshort>>__thiscallstd::basic_string<unsignedshort,structstd::char_traits<unsignedshort>,classstd::allocator<unsignedshort>>:"
0x015884D4,0x73304a48,msvcp90.dll,"public:classstd::_String_iterator<unsignedshort,structstd::char_traits<unsignedshort>,classstd::allocator<unsignedshort>>__thiscallstd::basic_string<unsignedshort,structstd::char_traits<unsignedshort>,classstd::allocator<unsignedshort>>:"
0x015884D8,0x732fd922,msvcp90.dll,?empty@?$basic_string@DU?$char_traits@D@std@@V?$allocator@D@2@@std@@QBE_NXZ
0x015884DC,0x73318d56,msvcp90.dll,??_D?$basic_ofstream@DU?$char_traits@D@std@@@std@@QAEXXZ
0x015884E0,0x73318cf3,msvcp90.dll,??_D?$basic_ifstream@DU?$char_traits@D@std@@@std@@QAEXXZ
0x015884E4,0x732f506e,msvcp90.dll,?data@?$basic_string@DU?$char_traits@D@std@@V?$allocator@D@2@@std@@QBEPBDXZ
0x015884E8,0x732f5ebb,msvcp90.dll,??1?$basic_string@DU?$char_traits@D@std@@V?$allocator@D@2@@std@@QAE@XZ
0x015884EC,0x732f506e,msvcp90.dll,?data@?$basic_string@DU?$char_traits@D@std@@V?$allocator@D@2@@std@@QBEPBDXZ
0x015884F0,0x732f7286,msvcp90.dll,"public:__thiscallstd::basic_string<char,structstd::char_traits<char>,classstd::allocator<char>>::basic_string<char,structstd::char_traits<char>,classstd::allocator<char>>(classstd::basic_string<char,structstd::char_traits<char>,classstd::al"
0x015884F4,0x00000000,,
0x015884F8,0x6f64cc60,msvcr90.dll,_set_invalid_parameter_handler
0x015884FC,0x6f616292,msvcr90.dll,wprintf_s
0x01588500,0x6f61338c,msvcr90.dll,_snwprintf_s
0x01588504,0x6f6121b1,msvcr90.dll,printf_s
0x01588508,0x6f610b55,msvcr90.dll,_fseeki64
0x0158850C,0x6f6095c1,msvcr90.dll,_stat64i32
0x01588510,0x6f6083cf,msvcr90.dll,_chdir
0x01588514,0x6f6492b6,msvcr90.dll,_read
0x01588518,0x6f6477d5,msvcr90.dll,_open
0x0158851C,0x6f649c98,msvcr90.dll,_write
0x01588520,0x6f646caa,msvcr90.dll,_close
0x01588524,0x6f639405,msvcr90.dll,_strlwr
0x01588528,0x6f64cb33,msvcr90.dll,_invoke_watson
0x0158852C,0x6f63c32f,msvcr90.dll,?_type_info_dtor_internal_method@type_info@@QAEXXZ
0x01588530,0x6f651661,msvcr90.dll,_crt_debugger_hook
0x01588534,0x6f651850,msvcr90.dll,_except_handler4_common
0x01588538,0x6f601be0,msvcr90.dll,__set_app_type
0x0158853C,0x6f602ace,msvcr90.dll,__p__fmode
0x01588540,0x6f602a99,msvcr90.dll,__p__commode
0x01588544,0x6f67c618,msvcr90.dll,_adjust_fdiv
0x01588548,0x6f601bff,msvcr90.dll,__setusermatherr
0x0158854C,0x6f64df51,msvcr90.dll,_configthreadlocale
0x01588550,0x6f602211,msvcr90.dll,_initterm_e
0x01588554,0x6f6021ee,msvcr90.dll,_initterm
0x01588558,0x6f67ba2c,msvcr90.dll,_acmdln
0x0158855C,0x6f6204e0,msvcr90.dll,_ismbblead
0x01588560,0x6f64cf88,msvcr90.dll,_XcptFilter
0x01588564,0x6f602470,msvcr90.dll,_exit
0x01588568,0x6f60248b,msvcr90.dll,_cexit
0x0158856C,0x6f602793,msvcr90.dll,__getmainargs
0x01588570,0x6f602157,msvcr90.dll,_amsg_exit
0x01588574,0x6f603607,msvcr90.dll,_decode_pointer
0x01588578,0x6f64ce5a,msvcr90.dll,_onexit
0x0158857C,0x6f602efa,msvcr90.dll,_lock
0x01588580,0x6f603582,msvcr90.dll,_encode_pointer
0x01588584,0x6f64ceb7,msvcr90.dll,__dllonexit
0x01588588,0x6f602e16,msvcr90.dll,_unlock
0x0158858C,0x6f63be7b,msvcr90.dll,?terminate@@YAXXZ
0x01588590,0x6f6547c1,msvcr90.dll,labs
0x01588594,0x6f65b2f0,msvcr90.dll,pow
0x01588598,0x6f663426,msvcr90.dll,frexp
0x0158859C,0x6f61c9c8,msvcr90.dll,isgraph
0x015885A0,0x6f61c938,msvcr90.dll,isprint
0x015885A4,0x6f61c566,msvcr90.dll,isupper
0x015885A8,0x6f61c5ef,msvcr90.dll,islower
0x015885AC,0x6f6090e7,msvcr90.dll,_stat64
0x015885B0,0x6f619dae,msvcr90.dll,_gmtime64
0x015885B4,0x6f64f18a,msvcr90.dll,getenv
0x015885B8,0x6f649442,msvcr90.dll,_lseeki64
0x015885BC,0x6f6479bd,msvcr90.dll,_fstat64
0x015885C0,0x6f650c85,msvcr90.dll,__sys_nerr
0x015885C4,0x6f654f94,msvcr90.dll,strerror
0x015885C8,0x6f60eb18,msvcr90.dll,fputs
0x015885CC,0x6f60e568,msvcr90.dll,fgets
0x015885D0,0x6f61bb90,msvcr90.dll,strncpy
0x015885D4,0x6f65b6c4,msvcr90.dll,sqrt
0x015885D8,0x6f65adf0,msvcr90.dll,cos
0x015885DC,0x6f616c41,msvcr90.dll,strncat_s
0x015885E0,0x6f65b1d0,msvcr90.dll,_CIlog10
0x015885E4,0x6f61ddfb,msvcr90.dll,mbstowcs_s
0x015885E8,0x6f604792,msvcr90.dll,memcmp
0x015885EC,0x6f6636c0,msvcr90.dll,modf
0x015885F0,0x6f61b970,msvcr90.dll,strcspn
0x015885F4,0x6f61be60,msvcr90.dll,strspn
0x015885F8,0x6f61c706,msvcr90.dll,isxdigit
0x015885FC,0x6f60a9c4,msvcr90.dll,_wstat64
0x01588600,0x6f6157d7,msvcr90.dll,_wfopen_s
0x01588604,0x6f61255b,msvcr90.dll,rewind
0x01588608,0x6f608553,msvcr90.dll,_errno
0x0158860C,0x6f639cc9,msvcr90.dll,wcscoll
0x01588610,0x6f639fb4,msvcr90.dll,_wcsicoll
0x01588614,0x6f6547d8,msvcr90.dll,longjmp
0x01588618,0x6f6526f0,msvcr90.dll,_setjmp3
0x0158861C,0x6f650b1d,msvcr90.dll,localeconv
0x01588620,0x6f61e4bf,msvcr90.dll,strtod
0x01588624,0x6f65a95b,msvcr90.dll,_controlfp_s
0x01588628,0x6f6033ef,msvcr90.dll,_endthreadex
0x0158862C,0x6f65b070,msvcr90.dll,_CIlog
0x01588630,0x6f65af9c,msvcr90.dll,_CIexp
0x01588634,0x6f617cb4,msvcr90.dll,clock
0x01588638,0x6f63be59,msvcr90.dll,wcsftime
0x0158863C,0x6f6066a1,msvcr90.dll,_ultoa_s
0x01588640,0x6f617364,msvcr90.dll,wcsnlen
0x01588644,0x6f6543f3,msvcr90.dll,_wsplitpath_s
0x01588648,0x6f653678,msvcr90.dll,_wmakepath_s
0x0158864C,0x6f63e3f0,msvcr90.dll,__RTDynamicCast
0x01588650,0x6f620676,msvcr90.dll,_ismbcdigit
0x01588654,0x6f6250b0,msvcr90.dll,_mbsspn
0x01588658,0x6f61ce70,msvcr90.dll,iswspace
0x0158865C,0x6f61ce02,msvcr90.dll,iswdigit
0x01588660,0x6f61729e,msvcr90.dll,wcscspn
0x01588664,0x6f617839,msvcr90.dll,wcsspn
0x01588668,0x6f63a21b,msvcr90.dll,_wcslwr_s
0x0158866C,0x6f643fe6,msvcr90.dll,_aligned_msize
0x01588670,0x6f65acf0,msvcr90.dll,_CIatan
0x01588674,0x6f61b8e0,msvcr90.dll,strcmp
0x01588678,0x6f61b9c0,msvcr90.dll,strlen
0x0158867C,0x6f65adda,msvcr90.dll,_CIatan2
0x01588680,0x6f61537d,msvcr90.dll,_vsnwprintf_s
0x01588684,0x6f61b190,msvcr90.dll,memchr
0x01588688,0x6f639e36,msvcr90.dll,_wcsicmp
0x0158868C,0x6f61799d,msvcr90.dll,wcstok_s
0x01588690,0x6f606646,msvcr90.dll,_itoa_s
0x01588694,0x6f61373a,msvcr90.dll,swscanf_s
0x01588698,0x6f60ea07,msvcr90.dll,fputc
0x0158869C,0x6f60e3e5,msvcr90.dll,ferror
0x015886A0,0x6f61c8a8,msvcr90.dll,isalnum
0x015886A4,0x6f61c4db,msvcr90.dll,isalpha
0x015886A8,0x6f61eaa2,msvcr90.dll,_strtoui64
0x015886AC,0x6f61ea50,msvcr90.dll,_strtoi64
0x015886B0,0x6f61e70f,msvcr90.dll,strtol
0x015886B4,0x6f64d23f,msvcr90.dll,signal
0x015886B8,0x6f6393ca,msvcr90.dll,_strlwr_s
0x015886BC,0x6f6399fb,msvcr90.dll,_strupr_s
0x015886C0,0x6f608a5d,msvcr90.dll,_getcwd
0x015886C4,0x6f61ed7f,msvcr90.dll,toupper
0x015886C8,0x6f64f212,msvcr90.dll,getenv_s
0x015886CC,0x6f619b56,msvcr90.dll,_ftime64
0x015886D0,0x6f6100d9,msvcr90.dll,_fsopen
0x015886D4,0x6f6396ae,msvcr90.dll,_strnicmp
0x015886D8,0x6f6390b7,msvcr90.dll,_stricmp
0x015886DC,0x6f638f83,msvcr90.dll,strcoll
0x015886E0,0x6f619b66,msvcr90.dll,_gmtime64_s
0x015886E4,0x6f65aba0,msvcr90.dll,_CIasin
0x015886E8,0x6f61c678,msvcr90.dll,isdigit
0x015886EC,0x6f61c791,msvcr90.dll,isspace
0x015886F0,0x6f61bd60,msvcr90.dll,strpbrk
0x015886F4,0x6f65affa,msvcr90.dll,_CIfmod
0x015886F8,0x6f616ff7,msvcr90.dll,strtok_s
0x015886FC,0x6f6529b8,msvcr90.dll,_splitpath_s
0x01588700,0x6f612253,msvcr90.dll,puts
0x01588704,0x6f65256b,msvcr90.dll,abort
0x01588708,0x6f65aa50,msvcr90.dll,_CIacos
0x0158870C,0x6f6034cd,msvcr90.dll,_beginthreadex
0x01588710,0x6f63df18,msvcr90.dll,_CxxThrowException
0x01588714,0x6f663300,msvcr90.dll,floor
0x01588718,0x6f663110,msvcr90.dll,ceil
0x0158871C,0x6f65b5c0,msvcr90.dll,_CIsin
0x01588720,0x6f65ae30,msvcr90.dll,_CIcos
0x01588724,0x6f61ae20,msvcr90.dll,memcpy
0x01588728,0x6f63db6e,msvcr90.dll,__CxxFrameHandler
0x0158872C,0x6f61b680,msvcr90.dll,memset
0x01588730,0x6f65b7b0,msvcr90.dll,_CItan
0x01588734,0x6f65b6b0,msvcr90.dll,_CIsqrt
0x01588738,0x6f65b330,msvcr90.dll,_CIpow
0x0158873C,0x6f6178ed,msvcr90.dll,wcstok
0x01588740,0x6f63a9b4,msvcr90.dll,_wcsupr
0x01588744,0x6f63a979,msvcr90.dll,_wcsupr_s
0x01588748,0x6f61b310,msvcr90.dll,memmove
0x0158874C,0x6f616f2e,msvcr90.dll,strtok
0x01588750,0x6f6106a6,msvcr90.dll,fread
0x01588754,0x6f614c89,msvcr90.dll,_vsnprintf_s
0x01588758,0x6f616a87,msvcr90.dll,_strdup
0x0158875C,0x6f624df0,msvcr90.dll,_mbsrchr
0x01588760,0x6f610d95,msvcr90.dll,ftell
0x01588764,0x6f610000,msvcr90.dll,fflush
0x01588768,0x6f61bdb0,msvcr90.dll,strrchr
0x0158876C,0x6f616bc8,msvcr90.dll,strcat_s
0x01588770,0x6f61ec21,msvcr90.dll,tolower
0x01588774,0x6f61144b,msvcr90.dll,fwrite
0x01588778,0x6f654f56,msvcr90.dll,srand
0x0158877C,0x6f61b810,msvcr90.dll,strchr
0x01588780,0x6f610379,msvcr90.dll,fprintf_s
0x01588784,0x6f61311f,msvcr90.dll,sscanf_s
0x01588788,0x6f622d32,msvcr90.dll,_mbschr
0x0158878C,0x6f62334d,msvcr90.dll,_mbsicmp
0x01588790,0x6f620cfc,msvcr90.dll,_ismbcspace
0x01588794,0x6f60e27a,msvcr90.dll,_mbsinc
0x01588798,0x6f6101be,msvcr90.dll,fopen_s
0x0158879C,0x6f61e761,msvcr90.dll,strtoul
0x015887A0,0x6f614840,msvcr90.dll,_vscprintf
0x015887A4,0x6f616ba6,msvcr90.dll,strnlen
0x015887A8,0x6f625304,msvcr90.dll,_mbsstr
0x015887AC,0x6f608b05,msvcr90.dll,_mkdir
0x015887B0,0x6f6130d0,msvcr90.dll,sscanf
0x015887B4,0x6f6087d4,msvcr90.dll,_fullpath
0x015887B8,0x6f610a2a,msvcr90.dll,fseek
0x015887BC,0x6f614821,msvcr90.dll,vsprintf
0x015887C0,0x6f60fc61,msvcr90.dll,fclose
0x015887C4,0x6f6101a2,msvcr90.dll,fopen
0x015887C8,0x6f643f03,msvcr90.dll,??3@YAXPAX@Z
0x015887CC,0x6f64405f,msvcr90.dll,_aligned_malloc
0x015887D0,0x6f644040,msvcr90.dll,_aligned_free
0x015887D4,0x6f643f23,msvcr90.dll,??_V@YAXPAX@Z
0x015887D8,0x6f63bbf6,msvcr90.dll,strftime
0x015887DC,0x6f6519d7,msvcr90.dll,_purecall
0x015887E0,0x6f63bfb4,msvcr90.dll,??0exception@std@@QAE@ABV01@@Z
0x015887E4,0x6f63c091,msvcr90.dll,?what@exception@std@@UBEPBDXZ
0x015887E8,0x6f63c076,msvcr90.dll,??1exception@std@@UAE@XZ
0x015887EC,0x6f63bf3a,msvcr90.dll,??0exception@std@@QAE@ABQBD@Z
0x015887F0,0x6f64ccc9,msvcr90.dll,_invalid_parameter_noinfo
0x015887F4,0x6f63bf24,msvcr90.dll,??0exception@std@@QAE@XZ
0x015887F8,0x6f61497e,msvcr90.dll,_vsnprintf
0x015887FC,0x6f661a37,msvcr90.dll,_fpclass
0x01588800,0x6f643d3f,msvcr90.dll,malloc
0x01588804,0x6f646415,msvcr90.dll,realloc
0x01588808,0x6f643b4e,msvcr90.dll,free
0x0158880C,0x6f612e73,msvcr90.dll,sprintf
0x01588810,0x6f6169a3,msvcr90.dll,memcpy_s
0x01588814,0x6f616ae1,msvcr90.dll,strncmp
0x01588818,0x6f61d377,msvcr90.dll,atof
0x0158881C,0x6f6120c1,msvcr90.dll,printf
0x01588820,0x6f616a25,msvcr90.dll,memmove_s
0x01588824,0x6f612f16,msvcr90.dll,sprintf_s
0x01588828,0x6f613369,msvcr90.dll,swprintf_s
0x0158882C,0x6f617141,msvcr90.dll,wcscat_s
0x01588830,0x6f61722a,msvcr90.dll,wcscpy_s
0x01588834,0x6f612998,msvcr90.dll,_snprintf
0x01588838,0x6f614de4,msvcr90.dll,_vsnwprintf
0x0158883C,0x6f617524,msvcr90.dll,wcsncpy
0x01588840,0x6f614ea4,msvcr90.dll,_vswprintf
0x01588844,0x6f6549c0,msvcr90.dll,qsort
0x01588848,0x6f619dda,msvcr90.dll,_localtime64_s
0x0158884C,0x6f61a4ac,msvcr90.dll,_time64
0x01588850,0x6f61518b,msvcr90.dll,_vswprintf_c_l
0x01588854,0x6f654f6d,msvcr90.dll,rand
0x01588858,0x6f6200b5,msvcr90.dll,_wtof
0x0158885C,0x6f617573,msvcr90.dll,wcsncpy_s
0x01588860,0x6f60637a,msvcr90.dll,_wtoi
0x01588864,0x6f6060ad,msvcr90.dll,atoi
0x01588868,0x6f617887,msvcr90.dll,wcsstr
0x0158886C,0x6f643c40,msvcr90.dll,calloc
0x01588870,0x6f6462a2,msvcr90.dll,_recalloc
0x01588874,0x6f61524a,msvcr90.dll,vswprintf_s
0x01588878,0x6f614b5b,msvcr90.dll,vsprintf_s
0x0158887C,0x6f622e7a,msvcr90.dll,_mbscmp
0x01588880,0x6f606874,msvcr90.dll,_itow
0x01588884,0x6f614f2f,msvcr90.dll,_vscwprintf
0x01588888,0x6f616d0a,msvcr90.dll,strcpy_s
0x0158888C,0x6f643e99,msvcr90.dll,??2@YAPAXI@Z
0x01588890,0x6f61774a,msvcr90.dll,wcsrchr
0x01588894,0x6f6171c3,msvcr90.dll,wcschr
0x01588898,0x6f61dcb7,msvcr90.dll,mbstowcs
0x0158889C,0x6f651a06,msvcr90.dll,_set_purecall_handler
0x015888A0,0x6f644288,msvcr90.dll,_aligned_realloc
0x015888A4,0x6f610216,msvcr90.dll,fprintf
0x015888A8,0x6f60f1c3,msvcr90.dll,__iob_func
0x015888AC,0x6f61beb0,msvcr90.dll,strstr
0x015888B0,0x6f612f5d,msvcr90.dll,_snprintf_s
0x015888B4,0x6f61a097,msvcr90.dll,_localtime64
0x015888B8,0x6f602455,msvcr90.dll,exit
0x015888BC,0x6f616d77,msvcr90.dll,strncpy_s
0x015888C0,0x6f6161a2,msvcr90.dll,wprintf
0x015888C4,0x6f652967,msvcr90.dll,_splitpath
0x015888C8,0x00000000,,
0x015888CC,0x745f4e70,mswsock.dll,GetAcceptExSockaddrs
0x015888D0,0x00000000,,
0x015888D4,0x6ef962c0,ngclient.aes,Ordinal#2
0x015888D8,0x6ef96320,ngclient.aes,Ordinal#1
0x015888DC,0x00000000,,
0x015888E0,0x6e3a11b0,neomon.dll,NIGS_1
0x015888E4,0x6e3a14d0,neomon.dll,NIGS_6
0x015888E8,0x6e3a1490,neomon.dll,NIGS_5
0x015888EC,0x6e3a1200,neomon.dll,NIGS_2
0x015888F0,0x6e3a1380,neomon.dll,NIGS_3
0x015888F4,0x6e3a1480,neomon.dll,NIGS_4
0x015888F8,0x6e3a14b0,neomon.dll,NIGS_7
0x015888FC,0x00000000,,
0x01588900,0x76926520,oleaut32.dll,SysStringByteLen
0x01588904,0x7692f620,oleaut32.dll,SysAllocStringByteLen
0x01588908,0x76946dc0,oleaut32.dll,GetErrorInfo
0x0158890C,0x76923d70,oleaut32.dll,VariantInit
0x01588910,0x7692d7d0,oleaut32.dll,VariantChangeType
0x01588914,0x76946dd0,oleaut32.dll,SetErrorInfo
0x01588918,0x76946db0,oleaut32.dll,CreateErrorInfo
0x0158891C,0x7692fa70,oleaut32.dll,SysAllocString
0x01588920,0x7692ec30,oleaut32.dll,SysFreeString
0x01588924,0x7692e9e0,oleaut32.dll,VariantClear
0x01588928,0x76923f50,oleaut32.dll,SysStringLen
0x0158892C,0x00000000,,
0x01588930,0x76061480,psapi.dll,GetProcessMemoryInfo
0x01588934,0x00000000,,
0x01588938,0x10009a10,physxloader.dll,NxReleasePhysicsSDK
0x0158893C,0x10009940,physxloader.dll,NxGetUtilLib
0x01588940,0x1000a120,physxloader.dll,NxCreatePhysicsSDK
0x01588944,0x00000000,,
0x01588948,0x768ca060,rpcrt4.dll,UuidToStringA
0x0158894C,0x76888160,rpcrt4.dll,UuidToStringW
0x01588950,0x76887fa0,rpcrt4.dll,RpcStringFreeW
0x01588954,0x768c9fc0,rpcrt4.dll,UuidFromStringA
0x01588958,0x76889f60,rpcrt4.dll,RpcStringFreeA
0x0158895C,0x7688be90,rpcrt4.dll,UuidCreate
0x01588960,0x00000000,,
0x01588964,0x758a42b0,shell32.dll,SHGetFolderPathW
0x01588968,0x00000000,,
0x0158896C,0x74f15280,shlwapi.dll,PathFindExtensionW
0x01588970,0x74f15950,shlwapi.dll,PathRemoveExtensionW
0x01588974,0x74f163a0,shlwapi.dll,PathAppendW
0x01588978,0x74f159c0,shlwapi.dll,PathIsRelativeW
0x0158897C,0x74f17830,shlwapi.dll,PathCombineW
0x01588980,0x74f1e3a0,shlwapi.dll,PathCombineA
0x01588984,0x74f1e360,shlwapi.dll,PathCanonicalizeA
0x01588988,0x74f1e940,shlwapi.dll,PathStripPathA
0x0158898C,0x74f135f0,shlwapi.dll,StrCmpW
0x01588990,0x74f271d0,shlwapi.dll,StrCatW
0x01588994,0x00000000,,
0x01588998,0x766ef5e0,user32.dll,LoadStringW
0x0158899C,0x766d5560,user32.dll,LoadStringA
0x015889A0,0x766efb60,user32.dll,GetKeyboardLayout
0x015889A4,0x7673a160,user32.dll,GetKeyboardLayoutNameA
0x015889A8,0x766f15b0,user32.dll,ActivateKeyboardLayout
0x015889AC,0x766f1fb0,user32.dll,GetKeyboardLayoutList
0x015889B0,0x766f2930,user32.dll,SendInput
0x015889B4,0x766db2e0,user32.dll,MapVirtualKeyW
0x015889B8,0x766e5600,user32.dll,GetWindowInfo
0x015889BC,0x76730ba0,user32.dll,MessageBoxW
0x015889C0,0x766f1ea0,user32.dll,GetCursorInfo
0x015889C4,0x766d9cb0,user32.dll,ToUnicodeEx
0x015889C8,0x770e8630,ntdll.dll,NtdllDefWindowProc_W
0x015889CC,0x766d95d0,user32.dll,UnregisterClassA
0x015889D0,0x76730680,user32.dll,MessageBoxA
0x015889D4,0x766d7bb0,user32.dll,wsprintfW
0x015889D8,0x766ef0a0,user32.dll,SetRect
0x015889DC,0x770e8620,ntdll.dll,NtdllDefWindowProc_A
0x015889E0,0x766f29c0,user32.dll,SetCapture
0x015889E4,0x766f15bc,user32.dll,SetCursor
0x015889E8,0x766f2d00,user32.dll,ShowCursor
0x015889EC,0x766d9510,user32.dll,ReleaseCapture
0x015889F0,0x766f09e0,user32.dll,LoadCursorA
0x015889F4,0x766f0f20,user32.dll,PostQuitMessage
0x015889F8,0x766f1990,user32.dll,BeginPaint
0x015889FC,0x766f1d90,user32.dll,EndPaint
0x01588A00,0x766e5430,user32.dll,GetClientRect
0x01588A04,0x766d47d0,user32.dll,ClientToScreen
0x01588A08,0x766f1be0,user32.dll,DestroyWindow
0x01588A0C,0x766d8bf0,user32.dll,wvsprintfA
0x01588A10,0x766dc6b0,user32.dll,ShowOwnedPopups
0x01588A14,0x766ebd90,user32.dll,PeekMessageW
0x01588A18,0x766f1a50,user32.dll,ClipCursor
0x01588A1C,0x766da040,user32.dll,LoadIconA
0x01588A20,0x766d2450,user32.dll,RegisterClassA
0x01588A24,0x766e5090,user32.dll,GetSystemMetrics
0x01588A28,0x766dbf00,user32.dll,AdjustWindowRect
0x01588A2C,0x766d8910,user32.dll,CreateWindowExA
0x01588A30,0x766d84b0,user32.dll,SetWindowLongA
0x01588A34,0x766f2cd0,user32.dll,SetWindowPos
0x01588A38,0x766f2d30,user32.dll,ShowWindow
0x01588A3C,0x766e4c50,user32.dll,UpdateWindow
0x01588A40,0x766e51b0,user32.dll,GetWindowRect
0x01588A44,0x766ea6a0,user32.dll,GetDesktopWindow
0x01588A48,0x766f2590,user32.dll,MoveWindow
0x01588A4C,0x766e9970,user32.dll,GetDlgItem
0x01588A50,0x766d4670,user32.dll,SendMessageA
0x01588A54,0x766dbde0,user32.dll,LoadBitmapA
0x01588A58,0x766f2420,user32.dll,InvalidateRect
0x01588A5C,0x766dae30,user32.dll,EndDialog
0x01588A60,0x7670f000,user32.dll,DialogBoxParamA
0x01588A64,0x766d8350,user32.dll,FindWindowA
0x01588A68,0x766f2ac0,user32.dll,SetFocus
0x01588A6C,0x766f0d90,user32.dll,SetForegroundWindow
0x01588A70,0x766f2970,user32.dll,SetActiveWindow
0x01588A74,0x76739df0,user32.dll,ChangeDisplaySettingsA
0x01588A78,0x766eab40,user32.dll,TranslateMessage
0x01588A7C,0x766d8250,user32.dll,DispatchMessageA
0x01588A80,0x766ec970,user32.dll,GetKeyState
0x01588A84,0x766f1fc0,user32.dll,GetKeyboardState
0x01588A88,0x766dbbc0,user32.dll,ToAscii
0x01588A8C,0x766d9aa0,user32.dll,OpenClipboard
0x01588A90,0x766dc5d0,user32.dll,EmptyClipboard
0x01588A94,0x766d8620,user32.dll,SetClipboardData
0x01588A98,0x766dbb00,user32.dll,CloseClipboard
0x01588A9C,0x766d9080,user32.dll,IsClipboardFormatAvailable
0x01588AA0,0x766ef290,user32.dll,GetDC
0x01588AA4,0x766dc580,user32.dll,SetClipboardViewer
0x01588AA8,0x766dc4e0,user32.dll,ChangeClipboardChain
0x01588AAC,0x766d84d0,user32.dll,GetClipboardData
0x01588AB0,0x023e3673,,
0x01588AB4,0x766d4790,user32.dll,PtInRect
0x01588AB8,0x766eaf40,user32.dll,OffsetRect
0x01588ABC,0x766d8270,user32.dll,SystemParametersInfoA
0x01588AC0,0x766ef060,user32.dll,EqualRect
0x01588AC4,0x766de110,user32.dll,InflateRect
0x01588AC8,0x766d5b30,user32.dll,GetPhysicalCursorPos
0x01588ACC,0x766e95b0,user32.dll,ScreenToClient
0x01588AD0,0x766eec30,user32.dll,ReleaseDC
0x01588AD4,0x00000000,,
0x01588AD8,0x74571540,version.dll,VerQueryValueA
0x01588ADC,0x74571500,version.dll,GetFileVersionInfoA
0x01588AE0,0x74571520,version.dll,GetFileVersionInfoSizeA
0x01588AE4,0x00000000,,
0x01588AE8,0x72cf0cf0,wininet.dll,HttpOpenRequestA
0x01588AEC,0x72c74af0,wininet.dll,HttpEndRequestA
0x01588AF0,0x72bf2ce0,wininet.dll,InternetWriteFile
0x01588AF4,0x72cca160,wininet.dll,InternetSetFilePointer
0x01588AF8,0x72c78e20,wininet.dll,HttpSendRequestExA
0x01588AFC,0x72c61600,wininet.dll,InternetCloseHandle
0x01588B00,0x72cdda10,wininet.dll,FtpPutFileA
0x01588B04,0x72cdddc0,wininet.dll,FtpSetCurrentDirectoryA
0x01588B08,0x72cdd240,wininet.dll,FtpCreateDirectoryA
0x01588B0C,0x72bf6350,wininet.dll,InternetOpenA
0x01588B10,0x72c25b10,wininet.dll,InternetConnectA
0x01588B14,0x72cc9f90,wininet.dll,InternetGetLastResponseInfoA
0x01588B18,0x00000000,,
0x01588B1C,0x716af870,winmm.dll,timeBeginPeriod
0x01588B20,0x716af890,winmm.dll,timeEndPeriod
0x01588B24,0x716a3c00,winmm.dll,timeKillEvent
0x01588B28,0x716af8b0,winmm.dll,timeGetDevCaps
0x01588B2C,0x716a47a0,winmm.dll,timeGetTime
0x01588B30,0x716a38d0,winmm.dll,timeSetEvent
0x01588B34,0x00000000,,
0x01588B38,0x760a1680,wldap32.dll,ldap_next_attribute
0x01588B3C,0x760861d0,wldap32.dll,ldap_first_entry
0x01588B40,0x760b9740,wldap32.dll,ldap_get_dnA
0x01588B44,0x760bfc80,wldap32.dll,ldap_memfreeA
0x01588B48,0x7608b6f0,wldap32.dll,ldap_value_free
0x01588B4C,0x760826b0,wldap32.dll,ldap_get_values_len
0x01588B50,0x760a1540,wldap32.dll,ldap_first_attribute
0x01588B54,0x760bfc00,wldap32.dll,ldap_err2stringA
0x01588B58,0x7608b320,wldap32.dll,ldap_msgfree
0x01588B5C,0x760ba560,wldap32.dll,ldap_search_sA
0x01588B60,0x760a4120,wldap32.dll,ldap_simple_bind_s
0x01588B64,0x760b1a20,wldap32.dll,ldap_initA
0x01588B68,0x760ab120,wldap32.dll,ldap_set_option
0x01588B6C,0x760b9c60,wldap32.dll,ldap_next_entry
0x01588B70,0x760ae7e0,wldap32.dll,ber_free
0x01588B74,0x760bef70,wldap32.dll,ldap_unbind_s
0x01588B78,0x00000000,,
0x01588B7C,0x74f556e0,ws2_32.dll,htons
0x01588B80,0x74f556e0,ws2_32.dll,htons
0x01588B84,0x74f557e0,ws2_32.dll,inet_addr
0x01588B88,0x74f55940,ws2_32.dll,inet_ntoa
0x01588B8C,0x74f7ff10,ws2_32.dll,gethostbyname
0x01588B90,0x74f800a0,ws2_32.dll,gethostname
0x01588B94,0x74f56400,ws2_32.dll,WSACleanup
0x01588B98,0x74f59cc0,ws2_32.dll,WSAStartup
0x01588B9C,0x74f658a0,ws2_32.dll,send
0x01588BA0,0x74f65ab0,ws2_32.dll,recvfrom
0x01588BA4,0x74f62270,ws2_32.dll,getsockname
0x01588BA8,0x74f63200,ws2_32.dll,getpeername
0x01588BAC,0x74f632b0,ws2_32.dll,shutdown
0x01588BB0,0x74f5f3b0,ws2_32.dll,WSAIoctl
0x01588BB4,0x74f5f070,ws2_32.dll,setsockopt
0x01588BB8,0x74f56010,ws2_32.dll,WSAGetOverlappedResult
0x01588BBC,0x74f62520,ws2_32.dll,ioctlsocket
0x01588BC0,0x74f55350,ws2_32.dll,htonl
0x01588BC4,0x74f7be30,ws2_32.dll,inet_pton
0x01588BC8,0x74f65e50,ws2_32.dll,select
0x01588BCC,0x74f65960,ws2_32.dll,getsockopt
0x01588BD0,0x74f7ce90,ws2_32.dll,getnameinfo
0x01588BD4,0x74f55350,ws2_32.dll,htonl
0x01588BD8,0x74f557a0,ws2_32.dll,__WSAFDIsSet
0x01588BDC,0x74f5cbc0,ws2_32.dll,WSASocketW
0x01588BE0,0x74f5c990,ws2_32.dll,socket
0x01588BE4,0x74f5ea60,ws2_32.dll,closesocket
0x01588BE8,0x74f669c0,ws2_32.dll,accept
0x01588BEC,0x74f65710,ws2_32.dll,connect
0x01588BF0,0x74f5ed70,ws2_32.dll,WSARecv
0x01588BF4,0x74f67050,ws2_32.dll,WSARecvFrom
0x01588BF8,0x74f5dff0,ws2_32.dll,WSASend
0x01588BFC,0x74f65d90,ws2_32.dll,listen
0x01588C00,0x74f5c860,ws2_32.dll,WSAEventSelect
0x01588C04,0x74f85820,ws2_32.dll,WSASendTo
0x01588C08,0x74f66160,ws2_32.dll,sendto
0x01588C0C,0x74f5d890,ws2_32.dll,bind
0x01588C10,0x74f56250,ws2_32.dll,WSASetLastError
0x01588C14,0x74f623a0,ws2_32.dll,recv
0x01588C18,0x74f57580,ws2_32.dll,FreeAddrInfoW
0x01588C1C,0x74f5a810,ws2_32.dll,getaddrinfo
0x01588C20,0x74f55d50,ws2_32.dll,WSAGetLastError
0x01588C24,0x00000000,,
0x01588C28,0x6d15ef35,awesomium.dll,??1WebPreferences@Awesomium@@QAE@XZ
0x01588C2C,0x6d187ba3,awesomium.dll,??0WebConfig@Awesomium@@QAE@XZ
0x01588C30,0x6d15edb3,awesomium.dll,??1WebConfig@Awesomium@@QAE@XZ
0x01588C34,0x6d402d13,awesomium.dll,?height@BitmapSurface@Awesomium@@QBEHXZ
0x01588C38,0x6d189088,awesomium.dll,??4WebString@Awesomium@@QAEAAV01@ABV01@@Z
0x01588C3C,0x6d187cc8,awesomium.dll,?Initialize@WebCore@Awesomium@@SAPAV12@ABUWebConfig@2@@Z
0x01588C40,0x6d1890a2,awesomium.dll,?CreateFromUTF8@WebString@Awesomium@@SA?AV12@PBDI@Z
0x01588C44,0x6d188e76,awesomium.dll,??1WebString@Awesomium@@QAE@XZ
0x01588C48,0x6d686f54,awesomium.dll,?width@BitmapSurface@Awesomium@@QBEHXZ
0x01588C4C,0x6d645d54,awesomium.dll,?buffer@BitmapSurface@Awesomium@@QBEPBEXZ
0x01588C50,0x6d1af3d5,awesomium.dll,??1WebURL@Awesomium@@QAE@XZ
0x01588C54,0x6d186033,awesomium.dll,??0WebURL@Awesomium@@QAE@ABVWebString@1@@Z
0x01588C58,0x6d181eb9,awesomium.dll,??0WebPreferences@Awesomium@@QAE@XZ
0x01588C5C,0x6d187d0f,awesomium.dll,?Shutdown@WebCore@Awesomium@@SAXXZ
0x01588C60,0x00000000,,
0x01588C64,0x7286cd30,d3d9.dll,D3DPERF_EndEvent
0x01588C68,0x7286ccf0,d3d9.dll,D3DPERF_BeginEvent
0x01588C6C,0x72814b20,d3d9.dll,Direct3DCreate9
0x01588C70,0x00000000,,
0x01588C74,0x6ea07ab6,d3dx10_42.dll,D3DX10CompileFromMemory
0x01588C78,0x6ea278f9,d3dx10_42.dll,D3DX10LoadTextureFromTexture
0x01588C7C,0x6ea29600,d3dx10_42.dll,D3DX10SaveTextureToMemory
0x01588C80,0x00000000,,
0x01588C84,0x6ee77d62,d3dx9_42.dll,D3DXGetShaderVersion
0x01588C88,0x6ee77d79,d3dx9_42.dll,D3DXGetShaderInputSemantics
0x01588C8C,0x6ee77ac4,d3dx9_42.dll,D3DXGetPixelShaderProfile
0x01588C90,0x6ee77b86,d3dx9_42.dll,D3DXGetVertexShaderProfile
0x01588C94,0x6ee5cc2d,d3dx9_42.dll,D3DXLoadSurfaceFromSurface
0x01588C98,0x6ee5a86d,d3dx9_42.dll,D3DXSaveSurfaceToFileInMemory
0x01588C9C,0x6ee5eae5,d3dx9_42.dll,D3DXCreateVolumeTextureFromFileInMemory
0x01588CA0,0x6ee5e8ba,d3dx9_42.dll,D3DXCreateCubeTextureFromFileInMemory
0x01588CA4,0x6ee5e6a7,d3dx9_42.dll,D3DXCreateTextureFromFileInMemory
0x01588CA8,0x6ee5a5d3,d3dx9_42.dll,D3DXGetImageInfoFromFileInMemory
0x01588CAC,0x6edcf84f,d3dx9_42.dll,D3DXVec4Transform
0x01588CB0,0x6edcfcd5,d3dx9_42.dll,D3DXMatrixTranspose
0x01588CB4,0x6edb9262,d3dx9_42.dll,D3DXCreateBuffer
0x01588CB8,0x6ee7980c,d3dx9_42.dll,D3DXGetShaderConstantTableEx
0x01588CBC,0x6ee795b3,d3dx9_42.dll,D3DXCompileShader
0x01588CC0,0x6ee78c98,d3dx9_42.dll,D3DXAssembleShader
0x01588CC4,0x6ee5dfcd,d3dx9_42.dll,D3DXCreateCubeTextureFromFileInMemoryEx
0x01588CC8,0x6ee5e011,d3dx9_42.dll,D3DXCreateVolumeTextureFromFileInMemoryEx
0x01588CCC,0x6ee80caa,d3dx9_42.dll,D3DXCreateEffect
0x01588CD0,0x6ee7fcd6,d3dx9_42.dll,D3DXCreateEffectCompiler
0x01588CD4,0x6edd1cec,d3dx9_42.dll,D3DXQuaternionSlerp
0x01588CD8,0x6ee5e48a,d3dx9_42.dll,D3DXSaveTextureToFileA
0x01588CDC,0x6ee5a825,d3dx9_42.dll,D3DXSaveSurfaceToFileA
0x01588CE0,0x6edcf08e,d3dx9_42.dll,D3DXVec3CatmullRom
0x01588CE4,0x6edb8cfa,d3dx9_42.dll,D3DXCreateFontA
0x01588CE8,0x6ee5e4ed,d3dx9_42.dll,D3DXCreateTextureFromFileExA
0x01588CEC,0x6edb8a28,d3dx9_42.dll,D3DXCreateSprite
0x01588CF0,0x6edcfa75,d3dx9_42.dll,D3DXMatrixMultiply
0x01588CF4,0x6edb8c17,d3dx9_42.dll,D3DXCreateLine
0x01588CF8,0x6edd04c2,d3dx9_42.dll,D3DXMatrixTranslation
0x01588CFC,0x6edd0435,d3dx9_42.dll,D3DXMatrixScaling
0x01588D00,0x6edd0681,d3dx9_42.dll,D3DXMatrixRotationZ
0x01588D04,0x6edcfff2,d3dx9_42.dll,D3DXMatrixInverse
0x01588D08,0x00000000,,
0x01588D0C,0x7319b910,dbgcore.dll,MiniDumpWriteDump
0x01588D10,0x00000000,,
0x01588D14,0x732ac520,fmod_event.dll,?getSystemObject@EventSystem@FMOD@@QAG?AW4FMOD_RESULT@@PAPAVSystem@2@@Z
0x01588D18,0x732ac3c0,fmod_event.dll,?init@EventSystem@FMOD@@QAG?AW4FMOD_RESULT@@HIPAXI@Z
0x01588D1C,0x73297450,fmod_event.dll,?start@Event@FMOD@@QAG?AW4FMOD_RESULT@@XZ
0x01588D20,0x7328c220,fmod_event.dll,FMOD_EventSystem_Create
0x01588D24,0x73297580,fmod_event.dll,?getPropertyByIndex@Event@FMOD@@QAG?AW4FMOD_RESULT@@HPAX_N@Z
0x01588D28,0x732acba0,fmod_event.dll,?set3DListenerAttributes@EventSystem@FMOD@@QAG?AW4FMOD_RESULT@@HPBUFMOD_VECTOR@@000@Z
0x01588D2C,0x732ac550,fmod_event.dll,?getMusicSystem@EventSystem@FMOD@@QAG?AW4FMOD_RESULT@@PAPAVMusicSystem@2@@Z
0x01588D30,0x732ac610,fmod_event.dll,?load@EventSystem@FMOD@@QAG?AW4FMOD_RESULT@@PBDPAUFMOD_EVENT_LOADINFO@@PAPAVEventProject@2@@Z
0x01588D34,0x73297930,fmod_event.dll,?set3DOcclusion@Event@FMOD@@QAG?AW4FMOD_RESULT@@MM@Z
0x01588D38,0x732978b0,fmod_event.dll,?set3DAttributes@Event@FMOD@@QAG?AW4FMOD_RESULT@@PBUFMOD_VECTOR@@00@Z
0x01588D3C,0x73297540,fmod_event.dll,?getProperty@Event@FMOD@@QAG?AW4FMOD_RESULT@@PBDPAX_N@Z
0x01588D40,0x73297750,fmod_event.dll,?getVolume@Event@FMOD@@QAG?AW4FMOD_RESULT@@PAM@Z
0x01588D44,0x73297720,fmod_event.dll,?setVolume@Event@FMOD@@QAG?AW4FMOD_RESULT@@M@Z
0x01588D48,0x732978f0,fmod_event.dll,?get3DAttributes@Event@FMOD@@QAG?AW4FMOD_RESULT@@PAUFMOD_VECTOR@@00@Z
0x01588D4C,0x73297a00,fmod_event.dll,?setUserData@Event@FMOD@@QAG?AW4FMOD_RESULT@@PAX@Z
0x01588D50,0x73297a30,fmod_event.dll,?getUserData@Event@FMOD@@QAG?AW4FMOD_RESULT@@PAPAX@Z
0x01588D54,0x732aca20,fmod_event.dll,?getNumReverbPresets@EventSystem@FMOD@@QAG?AW4FMOD_RESULT@@PAH@Z
0x01588D58,0x732ac9e0,fmod_event.dll,?getReverbPresetByIndex@EventSystem@FMOD@@QAG?AW4FMOD_RESULT@@HPAUFMOD_REVERB_PROPERTIES@@PAPAD@Z
0x01588D5C,0x732aca50,fmod_event.dll,?createReverb@EventSystem@FMOD@@QAG?AW4FMOD_RESULT@@PAPAVEventReverb@2@@Z
0x01588D60,0x732aca80,fmod_event.dll,?setReverbAmbientProperties@EventSystem@FMOD@@QAG?AW4FMOD_RESULT@@PAUFMOD_REVERB_PROPERTIES@@@Z
0x01588D64,0x732acab0,fmod_event.dll,?getReverbAmbientProperties@EventSystem@FMOD@@QAG?AW4FMOD_RESULT@@PAUFMOD_REVERB_PROPERTIES@@@Z
0x01588D68,0x732ac400,fmod_event.dll,?release@EventSystem@FMOD@@QAG?AW4FMOD_RESULT@@XZ
0x01588D6C,0x732ac710,fmod_event.dll,?getCategory@EventSystem@FMOD@@QAG?AW4FMOD_RESULT@@PBDPAPAVEventCategory@2@@Z
0x01588D70,0x732973b0,fmod_event.dll,?getInfo@Event@FMOD@@QAG?AW4FMOD_RESULT@@PAHPAPADPAUFMOD_EVENT_INFO@@@Z
0x01588D74,0x732ac580,fmod_event.dll,?setLanguage@EventSystem@FMOD@@QAG?AW4FMOD_RESULT@@PBD@Z
0x01588D78,0x732976e0,fmod_event.dll,?setCallback@Event@FMOD@@QAG?AW4FMOD_RESULT@@P6G?AW43@PAUFMOD_EVENT@@W4FMOD_EVENT_CALLBACKTYPE@@PAX22@Z2@Z
0x01588D7C,0x73297480,fmod_event.dll,?stop@Event@FMOD@@QAG?AW4FMOD_RESULT@@_N@Z
0x01588D80,0x732974b0,fmod_event.dll,?getParameter@Event@FMOD@@QAG?AW4FMOD_RESULT@@PBDPAPAVEventParameter@2@@Z
0x01588D84,0x732a5f60,fmod_event.dll,?setValue@EventParameter@FMOD@@QAG?AW4FMOD_RESULT@@M@Z
0x01588D88,0x73297a60,fmod_event.dll,?getState@Event@FMOD@@QAG?AW4FMOD_RESULT@@PAI@Z
0x01588D8C,0x73297ac0,fmod_event.dll,?getChannelGroup@Event@FMOD@@QAG?AW4FMOD_RESULT@@PAPAVChannelGroup@2@@Z
0x01588D90,0x732ac430,fmod_event.dll,?update@EventSystem@FMOD@@QAG?AW4FMOD_RESULT@@XZ
0x01588D94,0x00000000,,
0x01588D98,0x6eb51a1e,fmod_event_net.dll,?NetEventSystem_Update@FMOD@@YG?AW4FMOD_RESULT@@XZ
0x01588D9C,0x6eb5478c,fmod_event_net.dll,?NetEventSystem_Shutdown@FMOD@@YG?AW4FMOD_RESULT@@XZ
0x01588DA0,0x6eb51a5f,fmod_event_net.dll,?NetEventSystem_Init@FMOD@@YG?AW4FMOD_RESULT@@PAVEventSystem@1@G@Z
0x01588DA4,0x00000000,,
0x01588DA8,0x6ec92c70,fmodex.dll,?addDSP@ChannelGroup@FMOD@@QAG?AW4FMOD_RESULT@@PAVDSP@2@PAPAVDSPConnection@2@@Z
0x01588DAC,0x6ec93010,fmodex.dll,?setActive@DSP@FMOD@@QAG?AW4FMOD_RESULT@@_N@Z
0x01588DB0,0x6ec931b0,fmodex.dll,?setParameter@DSP@FMOD@@QAG?AW4FMOD_RESULT@@HM@Z
0x01588DB4,0x6ec94cb0,fmodex.dll,?release@System@FMOD@@QAG?AW4FMOD_RESULT@@XZ
0x01588DB8,0x6ec949a0,fmodex.dll,?getMaxAudible@SoundGroup@FMOD@@QAG?AW4FMOD_RESULT@@PAH@Z
0x01588DBC,0x6ec92cd0,fmodex.dll,?getChannel@ChannelGroup@FMOD@@QAG?AW4FMOD_RESULT@@HPAPAVChannel@2@@Z
0x01588DC0,0x6ec91900,fmodex.dll,?setPan@Channel@FMOD@@QAG?AW4FMOD_RESULT@@M@Z
0x01588DC4,0x6ec95c10,fmodex.dll,?addDSP@System@FMOD@@QAG?AW4FMOD_RESULT@@PAVDSP@2@PAPAVDSPConnection@2@@Z
0x01588DC8,0x6ec95400,fmodex.dll,?update@System@FMOD@@QAG?AW4FMOD_RESULT@@XZ
0x01588DCC,0x6ec92ca0,fmodex.dll,?getName@ChannelGroup@FMOD@@QAG?AW4FMOD_RESULT@@PADH@Z
0x01588DD0,0x6ec95950,fmodex.dll,?createDSPByType@System@FMOD@@QAG?AW4FMOD_RESULT@@W4FMOD_DSP_TYPE@@PAPAVDSP@2@@Z
0x01588DD4,0x6ec95690,fmodex.dll,?getVersion@System@FMOD@@QAG?AW4FMOD_RESULT@@PAI@Z
0x01588DD8,0x6ec94d40,fmodex.dll,?getNumDrivers@System@FMOD@@QAG?AW4FMOD_RESULT@@PAH@Z
0x01588DDC,0x6ec94ce0,fmodex.dll,?setOutput@System@FMOD@@QAG?AW4FMOD_RESULT@@W4FMOD_OUTPUTTYPE@@@Z
0x01588DE0,0x6ec94df0,fmodex.dll,?getDriverCaps@System@FMOD@@QAG?AW4FMOD_RESULT@@HPAIPAHPAW4FMOD_SPEAKERMODE@@@Z
0x01588DE4,0x6ec950e0,fmodex.dll,?setSpeakerMode@System@FMOD@@QAG?AW4FMOD_RESULT@@W4FMOD_SPEAKERMODE@@@Z
0x01588DE8,0x6ec95720,fmodex.dll,?getHardwareChannels@System@FMOD@@QAG?AW4FMOD_RESULT@@PAH@Z
0x01588DEC,0x6ec94ef0,fmodex.dll,?getSoftwareChannels@System@FMOD@@QAG?AW4FMOD_RESULT@@PAH@Z
0x01588DF0,0x6ec94fa0,fmodex.dll,?setDSPBufferSize@System@FMOD@@QAG?AW4FMOD_RESULT@@IH@Z
0x01588DF4,0x6ec94d70,fmodex.dll,?getDriverInfo@System@FMOD@@QAG?AW4FMOD_RESULT@@HPADHPAUFMOD_GUID@@@Z
0x01588DF8,0x6ec94f20,fmodex.dll,?setSoftwareFormat@System@FMOD@@QAG?AW4FMOD_RESULT@@HW4FMOD_SOUND_FORMAT@@HHW4FMOD_DSP_RESAMPLER@@@Z
0x01588DFC,0x6ec94ec0,fmodex.dll,?setSoftwareChannels@System@FMOD@@QAG?AW4FMOD_RESULT@@H@Z
0x01588E00,0x6ec92e10,fmodex.dll,?release@DSP@FMOD@@QAG?AW4FMOD_RESULT@@XZ
0x01588E04,0x6ec92f00,fmodex.dll,?remove@DSP@FMOD@@QAG?AW4FMOD_RESULT@@XZ
0x01588E08,0x6ec92440,fmodex.dll,?isVirtual@Channel@FMOD@@QAG?AW4FMOD_RESULT@@PA_N@Z
0x01588E0C,0x6ec93080,fmodex.dll,?setBypass@DSP@FMOD@@QAG?AW4FMOD_RESULT@@_N@Z
0x01588E10,0x6ec95080,fmodex.dll,?setAdvancedSettings@System@FMOD@@QAG?AW4FMOD_RESULT@@PAUFMOD_ADVANCEDSETTINGS@@@Z
0x01588E14,0x6ec91f20,fmodex.dll,?set3DMinMaxDistance@Channel@FMOD@@QAG?AW4FMOD_RESULT@@MM@Z
0x01588E18,0x00000000,,
0x01588E1C,0x733f1f20,nexon_api.dll,nxapi_init
0x01588E20,0x733f1ff0,nexon_api.dll,nxapi_shutdown
0x01588E24,0x733f2050,nexon_api.dll,nxapi_get_api
0x01588E28,0x00000000,,
0x01588E2C,0x76d72bf0,combase.dll,CoTaskMemFree
0x01588E30,0x76d82c40,combase.dll,CoSetProxyBlanket
0x01588E34,0x76d8d360,combase.dll,CoInitializeEx
0x01588E38,0x76d8d3b0,combase.dll,CoUninitialize
0x01588E3C,0x76dbaab0,combase.dll,CoCreateInstance
0x01588E40,0x762b9cb0,ole32.dll,CoInitialize
0x01588E44,0x00000000,,
0x01588E48,0x73532de0,steam_api.dll,SteamAPI_Init
0x01588E4C,0x735331a0,steam_api.dll,SteamFriends
0x01588E50,0x73533110,steam_api.dll,SteamApps
0x01588E54,0x735330d0,steam_api.dll,SteamAPI_Shutdown
0x01588E58,0x73533210,steam_api.dll,SteamUser
0x01588E5C,0x00000000,,
0x01588E60,0x7358dbd0,umbraoptimizer32.dll,?insertModel@Scene@Umbra@@QAEPBVSceneModel@2@PBMPBGHHHM@Z
0x01588E64,0x7358b730,umbraoptimizer32.dll,?getOptimizerInfoValue@Umbra@@YAHW4InfoValue@1@@Z
0x01588E68,0x7358cbb0,umbraoptimizer32.dll,"public:classUmbra::SceneObjectconst*__thiscallUmbra::Scene::insertObject(classUmbra::SceneModelconst*,classUmbra::Matrix4x4const&,unsignedint,unsignedint,enumUmbra::MatrixFormat,enumUmbra::TriangleWinding,classUmbra::Vector2const*"
