function,Instruction,Call address,Destination,Resolved name,Dest_int,call int,to next,to prev,is_thunk,Addr_int,Module,Function
-,jmp,0xa577e5,0x694cb730,,1766635312,10844133,6,1528,true,1766635312,umbraoptimizer32.dll,?getOptimizerInfoValue@Umbra@@YAHW4InfoValue@1@@Z
-,jmp,0xa577eb,0x694ccbb0,,1766640560,10844139,6,6,true,1766640560,umbraoptimizer32.dll,?insertObject@Scene@Umbra@@QAEPBVSceneObject@2@PBVSceneModel@2@ABVMatrix4x4@2@IIW4MatrixFormat@2@W4TriangleWinding@2@PBVVector2@2@PBVVector3@2@5@Z
-,jmp,0xa577f1,0x694cdbd0,,1766644688,10844145,6,6,true,1766644688,umbraoptimizer32.dll,?insertModel@Scene@Umbra@@QAEPBVSceneModel@2@PBMPBGHHHM@Z
-,jmp,0xa577f7,0x69473110,,1766273296,10844151,6,6,true,1766273296,steam_api.dll,SteamApps
-,jmp,0xa577fd,0x694731a0,,1766273440,10844157,6,6,true,1766273440,steam_api.dll,SteamFriends
-,jmp,0xa57803,0x69472de0,,1766272480,10844163,6,6,true,1766272480,steam_api.dll,SteamAPI_Init
-,jmp,0xa57809,0x69473210,,1766273552,10844169,6,6,true,1766273552,steam_api.dll,SteamUser
-,jmp,0xa5780f,0x694730d0,,1766273232,10844175,6,6,true,1766273232,steam_api.dll,SteamAPI_Shutdown
-,jmp,0xa57815,0x5f5290a2,,1599246498,10844181,6,6,true,1599246498,awesomium.dll,?CreateFromUTF8@WebString@Awesomium@@SA?AV12@PBDI@Z
-,jmp,0xa5781b,0x5f528e76,,1599245942,10844187,6,6,true,1599245942,awesomium.dll,??1WebString@Awesomium@@QAE@XZ
-,jmp,0xa57821,0x5f527d0f,,1599241487,10844193,6,6,true,1599241487,awesomium.dll,?Shutdown@WebCore@Awesomium@@SAXXZ
-,jmp,0xa57827,0x5f527ba3,,1599241123,10844199,6,6,true,1599241123,awesomium.dll,??0WebConfig@Awesomium@@QAE@XZ
-,jmp,0xa5782d,0x5f529088,,1599246472,10844205,6,6,true,1599246472,awesomium.dll,??4WebString@Awesomium@@QAEAAV01@ABV01@@Z
-,jmp,0xa57833,0x5f527cc8,,1599241416,10844211,6,6,true,1599241416,awesomium.dll,?Initialize@WebCore@Awesomium@@SAPAV12@ABUWebConfig@2@@Z
-,jmp,0xa57839,0x5f521eb9,,1599217337,10844217,6,6,true,1599217337,awesomium.dll,??0WebPreferences@Awesomium@@QAE@XZ
-,jmp,0xa5783f,0x5f526033,,1599234099,10844223,6,6,true,1599234099,awesomium.dll,??0WebURL@Awesomium@@QAE@ABVWebString@1@@Z
-,jmp,0xa57845,0x5f54f3d5,,1599402965,10844229,6,6,true,1599402965,awesomium.dll,??1WebURL@Awesomium@@QAE@XZ
-,jmp,0xa5784b,0x5f4fef35,,1599074101,10844235,6,6,true,1599074101,awesomium.dll,??1WebPreferences@Awesomium@@QAE@XZ
-,jmp,0xa57851,0x5f4fedb3,,1599073715,10844241,6,6,true,1599073715,awesomium.dll,??1WebConfig@Awesomium@@QAE@XZ
-,jmp,0xa57857,0x5f7a2d13,,1601842451,10844247,6,6,true,1601842451,awesomium.dll,?height@BitmapSurface@Awesomium@@QBEHXZ
-,jmp,0xa5785d,0x5fa26f54,,1604480852,10844253,6,6,true,1604480852,awesomium.dll,?width@BitmapSurface@Awesomium@@QBEHXZ
-,jmp,0xa57863,0x5f9e5d54,,1604214100,10844259,6,6,true,1604214100,awesomium.dll,?buffer@BitmapSurface@Awesomium@@QBEPBEXZ
-,jmp,0xa57869,0x5e5b6320,,1583047456,10844265,6,6,true,1583047456,ngclient.aes,Ordinal#1
-,jmp,0xa5786f,0x5e5b62c0,,1583047360,10844271,6,6,true,1583047360,ngclient.aes,Ordinal#2
-,jmp,0xa57875,0x76efc860,,1995425888,10844277,6,6,true,1995425888,ntdll.dll,RtlInitializeCriticalSection
-,jmp,0xa5787b,0x76ecfc70,,1995242608,10844283,6,6,true,1995242608,ntdll.dll,RtlDeleteCriticalSection
-,jmp,0xa57881,0x76ee00b0,,1995309232,10844289,6,6,true,1995309232,ntdll.dll,RtlEnterCriticalSection
-,jmp,0xa57887,0x76ede8b0,,1995303088,10844295,6,6,true,1995303088,ntdll.dll,RtlLeaveCriticalSection
-,jmp,0xa5788d,0x7584ea80,,1971645056,10844301,6,6,true,1971645056,kernel32.dll,InterlockedIncrement
-,jmp,0xa57893,0x7584eb00,,1971645184,10844307,6,6,true,1971645184,kernel32.dll,InterlockedDecrement
-,jmp,0xa57899,0x7584e290,,1971643024,10844313,6,6,true,1971643024,kernel32.dll,WideCharToMultiByte
-,jmp,0xa5789f,0x7584e250,,1971642960,10844319,6,6,true,1971642960,kernel32.dll,TlsSetValue
-,jmp,0xa578a5,0x7584e1c0,,1971642816,10844325,6,6,true,1971642816,kernel32.dll,TlsGetValue
-,jmp,0xa578ab,0x7584e1b0,,1971642800,10844331,6,6,true,1971642800,kernel32.dll,GetCurrentThreadId
-,jmp,0xa578b1,0x75850720,,1971652384,10844337,6,6,true,1971652384,kernel32.dll,SizeofResource
-,jmp,0xa578b7,0x7584f5e0,,1971647968,10844343,6,6,true,1971647968,kernel32.dll,LockResource
-,jmp,0xa578bd,0x7584eae0,,1971645152,10844349,6,6,true,1971645152,kernel32.dll,LoadResource
-,jmp,0xa578c3,0x75842eb0,,1971596976,10844355,6,6,true,1971596976,kernel32.dll,FindResourceA
-,jmp,0xa578c9,0x7584b4b0,,1971631280,10844361,6,6,true,1971631280,kernel32.dll,FindResourceExA
-,jmp,0xa578cf,0x75850660,,1971652192,10844367,6,6,true,1971652192,kernel32.dll,GetACP
-,jmp,0xa578d5,0x758510f0,,1971654896,10844373,6,6,true,1971654896,kernel32.dll,GetModuleHandleW
-,jmp,0xa578db,0x7584e240,,1971642944,10844379,6,6,true,1971642944,kernel32.dll,SetLastError
-,jmp,0xa578e1,0x7584f7f0,,1971648496,10844385,6,6,true,1971648496,kernel32.dll,GetProcAddress
-,jmp,0xa578e7,0x7584e350,,1971643216,10844391,6,6,true,1971643216,kernel32.dll,lstrlenW
-,jmp,0xa578ed,0x7584e220,,1971642912,10844397,6,6,true,1971642912,kernel32.dll,MultiByteToWideChar
-,jmp,0xa578f3,0x75851bb0,,1971657648,10844403,6,6,true,1971657648,kernel32.dll,GetSystemInfo
-,jmp,0xa578f9,0x758510d0,,1971654864,10844409,6,6,true,1971654864,kernel32.dll,GetModuleFileNameA
-,jmp,0xa578ff,0x75850e70,,1971654256,10844415,6,6,true,1971654256,kernel32.dll,LoadLibraryA
-,jmp,0xa57905,0x75850d80,,1971654016,10844421,6,6,true,1971654016,kernel32.dll,FreeLibrary
-,jmp,0xa5790b,0x7584e2b0,,1971643056,10844427,6,6,true,1971643056,kernel32.dll,GetLastError
-,jmp,0xa57911,0x758506e0,,1971652320,10844433,6,6,true,1971652320,kernel32.dll,lstrlenA
-,jmp,0xa57917,0x75849350,,1971622736,10844439,6,6,true,1971622736,kernel32.dll,OutputDebugStringA
-,jmp,0xa5791d,0x75848880,,1971619968,10844445,6,6,true,1971619968,kernel32.dll,GetNumberFormatW
-,jmp,0xa57923,0x758530f0,,1971663088,10844451,6,6,true,1971663088,kernel32.dll,GetCurrentProcess
-,jmp,0xa57929,0x75853100,,1971663104,10844457,6,6,true,1971663104,kernel32.dll,GetCurrentProcessId
-,jmp,0xa5792f,0x75850ba0,,1971653536,10844463,6,6,true,1971653536,kernel32.dll,GetModuleFileNameW
-,jmp,0xa57935,0x75851960,,1971657056,10844469,6,6,true,1971657056,kernel32.dll,LoadLibraryW
-,jmp,0xa5793b,0x7584ea50,,1971645008,10844475,6,6,true,1971645008,kernel32.dll,GetCurrentThread
-,jmp,0xa57941,0x75849910,,1971624208,10844481,6,6,true,1971624208,kernel32.dll,TerminateProcess
-,jmp,0xa57947,0x75850850,,1971652688,10844487,6,6,true,1971652688,kernel32.dll,RaiseException
-,jmp,0xa5794d,0x758531e0,,1971663328,10844493,6,6,true,1971663328,kernel32.dll,CreateMutexA
-,jmp,0xa57953,0x758519c0,,1971657152,10844499,6,6,true,1971657152,kernel32.dll,SetUnhandledExceptionFilter
-,jmp,0xa57959,0x75850890,,1971652752,10844505,6,6,true,1971652752,kernel32.dll,GlobalAlloc
-,jmp,0xa5795f,0x7584e420,,1971643424,10844511,6,6,true,1971643424,kernel32.dll,GlobalLock
-,jmp,0xa57965,0x7584e370,,1971643248,10844517,6,6,true,1971643248,kernel32.dll,GlobalUnlock
-,jmp,0xa5796b,0x758511a0,,1971655072,10844523,6,6,true,1971655072,kernel32.dll,Sleep
-,jmp,0xa57971,0x75848da0,,1971621280,10844529,6,6,true,1971621280,kernel32.dll,WritePrivateProfileStringA
-,jmp,0xa57977,0x75851640,,1971656256,10844535,6,6,true,1971656256,kernel32.dll,GetComputerNameW
-,jmp,0xa5797d,0x75851980,,1971657088,10844541,6,6,true,1971657088,kernel32.dll,QueryPerformanceFrequency
-,jmp,0xa57983,0x7584e1e0,,1971642848,10844547,6,6,true,1971642848,kernel32.dll,QueryPerformanceCounter
-,jmp,0xa57989,0x758919c0,,1971919296,10844553,6,6,true,1971919296,kernel32.dll,SetThreadAffinityMask
-,jmp,0xa5798f,0x7584b750,,1971631952,10844559,6,6,true,1971631952,kernel32.dll,GetPrivateProfileIntA
-,jmp,0xa57995,0x7584b7d0,,1971632080,10844565,6,6,true,1971632080,kernel32.dll,GetPrivateProfileStringA
-,jmp,0xa5799b,0x75852080,,1971658880,10844571,6,6,true,1971658880,kernel32.dll,GlobalMemoryStatusEx
-,jmp,0xa579a1,0x75850d00,,1971653888,10844577,6,6,true,1971653888,kernel32.dll,GetModuleHandleA
-,jmp,0xa579a7,0x75851a00,,1971657216,10844583,6,6,true,1971657216,kernel32.dll,GetVersionExA
-,jmp,0xa579ad,0x7584eaa0,,1971645088,10844589,6,6,true,1971645088,kernel32.dll,lstrcmpiA
-,jmp,0xa579b3,0x75853450,,1971663952,10844595,6,6,true,1971663952,kernel32.dll,FindFirstFileA
-,jmp,0xa579b9,0x758534c0,,1971664064,10844601,6,6,true,1971664064,kernel32.dll,FindNextFileA
-,jmp,0xa579bf,0x75853410,,1971663888,10844607,6,6,true,1971663888,kernel32.dll,FindClose
-,jmp,0xa579c5,0x75850e00,,1971654144,10844613,6,6,true,1971654144,kernel32.dll,GetLocalTime
-,jmp,0xa579cb,0x758511b0,,1971655088,10844619,6,6,true,1971655088,kernel32.dll,CreateThread
-,jmp,0xa579d1,0x758533a0,,1971663776,10844625,6,6,true,1971663776,kernel32.dll,CreateFileA
-,jmp,0xa579d7,0x75853820,,1971664928,10844631,6,6,true,1971664928,kernel32.dll,WriteFile
-,jmp,0xa579dd,0x75853150,,1971663184,10844637,6,6,true,1971663184,kernel32.dll,CloseHandle
-,jmp,0xa579e3,0x75865840,,1971738688,10844643,6,6,true,1971738688,kernel32.dll,GetCurrentDirectoryA
-,jmp,0xa579e9,0x75852180,,1971659136,10844649,6,6,true,1971659136,kernel32.dll,GetCommandLineA
-,jmp,0xa579ef,0x758535d0,,1971664336,10844655,6,6,true,1971664336,kernel32.dll,GetFileSize
-,jmp,0xa579f5,0x75853730,,1971664688,10844661,6,6,true,1971664688,kernel32.dll,ReadFile
-,jmp,0xa579fb,0x75889930,,1971886384,10844667,6,6,true,1971886384,kernel32.dll,GetPrivateProfileStructA
-,jmp,0xa57a01,0x758513e0,,1971655648,10844673,6,6,true,1971655648,kernel32.dll,TlsAlloc
-,jmp,0xa57a07,0x75851210,,1971655184,10844679,6,6,true,1971655184,kernel32.dll,TlsFree
-,jmp,0xa57a0d,0x758483c0,,1971618752,10844685,6,6,true,1971618752,kernel32.dll,lstrcpyA
-,jmp,0xa57a13,0x75849080,,1971622016,10844691,6,6,true,1971622016,kernel32.dll,GetComputerNameA
-,jmp,0xa57a19,0x75848c30,,1971620912,10844697,6,6,true,1971620912,kernel32.dll,FormatMessageA
-,jmp,0xa57a1f,0x758537c0,,1971664832,10844703,6,6,true,1971664832,kernel32.dll,SetFilePointer
-,jmp,0xa57a25,0x75853580,,1971664256,10844709,6,6,true,1971664256,kernel32.dll,GetFileAttributesA
-,jmp,0xa57a2b,0x75848990,,1971620240,10844715,6,6,true,1971620240,kernel32.dll,GetEnvironmentVariableA
-,jmp,0xa57a31,0x75867250,,1971745360,10844721,6,6,true,1971745360,kernel32.dll,SuspendThread
-,jmp,0xa57a37,0x75865c90,,1971739792,10844727,6,6,true,1971739792,kernel32.dll,GetThreadContext
-,jmp,0xa57a3d,0x75851b90,,1971657616,10844733,6,6,true,1971657616,kernel32.dll,ResumeThread
-,jmp,0xa57a43,0x75866830,,1971742768,10844739,6,6,true,1971742768,kernel32.dll,ReadProcessMemory
-,jmp,0xa57a49,0x758531a0,,1971663264,10844745,6,6,true,1971663264,kernel32.dll,CreateEventA
-,jmp,0xa57a4f,0x75850960,,1971652960,10844751,6,6,true,1971652960,kernel32.dll,SetThreadPriority
-,jmp,0xa57a55,0x758532e0,,1971663584,10844757,6,6,true,1971663584,kernel32.dll,ResetEvent
-,jmp,0xa57a5b,0x75853340,,1971663680,10844763,6,6,true,1971663680,kernel32.dll,WaitForSingleObject
-,jmp,0xa57a61,0x758532c0,,1971663552,10844769,6,6,true,1971663552,kernel32.dll,ReleaseMutex
-,jmp,0xa57a67,0x75846230,,1971610160,10844775,6,6,true,1971610160,kernel32.dll,CreateSemaphoreA
-,jmp,0xa57a6d,0x758532d0,,1971663568,10844781,6,6,true,1971663568,kernel32.dll,ReleaseSemaphore
-,jmp,0xa57a73,0x75845bd0,,1971608528,10844787,6,6,true,1971608528,kernel32.dll,InterlockedExchangeAdd
-,jmp,0xa57a79,0x750c0680,,1963722368,10844793,6,6,true,1963722368,user32.dll,MessageBoxA
-,jmp,0xa57a7f,0x75067bb0,,1963359152,10844799,6,6,true,1963359152,user32.dll,wsprintfW
-,jmp,0xa57a85,0x7507f0a0,,1963454624,10844805,6,6,true,1963454624,user32.dll,SetRect
-,jmp,0xa57a8b,0x76f28620,,1995605536,10844811,6,6,true,1995605536,ntdll.dll,NtdllDefWindowProc_A
-,jmp,0xa57a91,0x750829c0,,1963469248,10844817,6,6,true,1963469248,user32.dll,SetCapture
-,jmp,0xa57a97,0x750815bc,,1963464124,10844823,6,6,true,1963464124,user32.dll,SetCursor
-,jmp,0xa57a9d,0x75082d00,,1963470080,10844829,6,6,true,1963470080,user32.dll,ShowCursor
-,jmp,0xa57aa3,0x75069510,,1963365648,10844835,6,6,true,1963365648,user32.dll,ReleaseCapture
-,jmp,0xa57aa9,0x750809e0,,1963461088,10844841,6,6,true,1963461088,user32.dll,LoadCursorA
-,jmp,0xa57aaf,0x75080f20,,1963462432,10844847,6,6,true,1963462432,user32.dll,PostQuitMessage
-,jmp,0xa57ab5,0x75081990,,1963465104,10844853,6,6,true,1963465104,user32.dll,BeginPaint
-,jmp,0xa57abb,0x75081d90,,1963466128,10844859,6,6,true,1963466128,user32.dll,EndPaint
-,jmp,0xa57ac1,0x75075430,,1963414576,10844865,6,6,true,1963414576,user32.dll,GetClientRect
-,jmp,0xa57ac7,0x750647d0,,1963345872,10844871,6,6,true,1963345872,user32.dll,ClientToScreen
-,jmp,0xa57acd,0x75081a50,,1963465296,10844877,6,6,true,1963465296,user32.dll,ClipCursor
-,jmp,0xa57ad3,0x7506a040,,1963368512,10844883,6,6,true,1963368512,user32.dll,LoadIconA
-,jmp,0xa57ad9,0x75062450,,1963336784,10844889,6,6,true,1963336784,user32.dll,RegisterClassA
-,jmp,0xa57adf,0x75075090,,1963413648,10844895,6,6,true,1963413648,user32.dll,GetSystemMetrics
-,jmp,0xa57ae5,0x7506bf00,,1963376384,10844901,6,6,true,1963376384,user32.dll,AdjustWindowRect
-,jmp,0xa57aeb,0x75068910,,1963362576,10844907,6,6,true,1963362576,user32.dll,CreateWindowExA
-,jmp,0xa57af1,0x750684b0,,1963361456,10844913,6,6,true,1963361456,user32.dll,SetWindowLongA
-,jmp,0xa57af7,0x75082cd0,,1963470032,10844919,6,6,true,1963470032,user32.dll,SetWindowPos
-,jmp,0xa57afd,0x75082d30,,1963470128,10844925,6,6,true,1963470128,user32.dll,ShowWindow
-,jmp,0xa57b03,0x75074c50,,1963412560,10844931,6,6,true,1963412560,user32.dll,UpdateWindow
-,jmp,0xa57b09,0x750751b0,,1963413936,10844937,6,6,true,1963413936,user32.dll,GetWindowRect
-,jmp,0xa57b0f,0x7507a6a0,,1963435680,10844943,6,6,true,1963435680,user32.dll,GetDesktopWindow
-,jmp,0xa57b15,0x75082590,,1963468176,10844949,6,6,true,1963468176,user32.dll,MoveWindow
-,jmp,0xa57b1b,0x75079970,,1963432304,10844955,6,6,true,1963432304,user32.dll,GetDlgItem
-,jmp,0xa57b21,0x75064670,,1963345520,10844961,6,6,true,1963345520,user32.dll,SendMessageA
-,jmp,0xa57b27,0x7506bde0,,1963376096,10844967,6,6,true,1963376096,user32.dll,LoadBitmapA
-,jmp,0xa57b2d,0x75082420,,1963467808,10844973,6,6,true,1963467808,user32.dll,InvalidateRect
-,jmp,0xa57b33,0x7506ae30,,1963372080,10844979,6,6,true,1963372080,user32.dll,EndDialog
-,jmp,0xa57b39,0x7509f000,,1963585536,10844985,6,6,true,1963585536,user32.dll,DialogBoxParamA
-,jmp,0xa57b3f,0x75068350,,1963361104,10844991,6,6,true,1963361104,user32.dll,FindWindowA
-,jmp,0xa57b45,0x75082ac0,,1963469504,10844997,6,6,true,1963469504,user32.dll,SetFocus
-,jmp,0xa57b4b,0x75080d90,,1963462032,10845003,6,6,true,1963462032,user32.dll,SetForegroundWindow
-,jmp,0xa57b51,0x75082970,,1963469168,10845009,6,6,true,1963469168,user32.dll,SetActiveWindow
-,jmp,0xa57b57,0x7507bd90,,1963441552,10845015,6,6,true,1963441552,user32.dll,PeekMessageW
-,jmp,0xa57b5d,0x7507ab40,,1963436864,10845021,6,6,true,1963436864,user32.dll,TranslateMessage
-,jmp,0xa57b63,0x75068250,,1963360848,10845027,6,6,true,1963360848,user32.dll,DispatchMessageA
-,jmp,0xa57b69,0x7507c970,,1963444592,10845033,6,6,true,1963444592,user32.dll,GetKeyState
-,jmp,0xa57b6f,0x75081fc0,,1963466688,10845039,6,6,true,1963466688,user32.dll,GetKeyboardState
-,jmp,0xa57b75,0x7506bbc0,,1963375552,10845045,6,6,true,1963375552,user32.dll,ToAscii
-,jmp,0xa57b7b,0x75069aa0,,1963367072,10845051,6,6,true,1963367072,user32.dll,OpenClipboard
-,jmp,0xa57b81,0x7506c5d0,,1963378128,10845057,6,6,true,1963378128,user32.dll,EmptyClipboard
-,jmp,0xa57b87,0x75068620,,1963361824,10845063,6,6,true,1963361824,user32.dll,SetClipboardData
-,jmp,0xa57b8d,0x7506bb00,,1963375360,10845069,6,6,true,1963375360,user32.dll,CloseClipboard
-,jmp,0xa57b93,0x75069080,,1963364480,10845075,6,6,true,1963364480,user32.dll,IsClipboardFormatAvailable
-,jmp,0xa57b99,0x7507f290,,1963455120,10845081,6,6,true,1963455120,user32.dll,GetDC
-,jmp,0xa57b9f,0x7506c580,,1963378048,10845087,6,6,true,1963378048,user32.dll,SetClipboardViewer
-,jmp,0xa57ba5,0x7506c4e0,,1963377888,10845093,6,6,true,1963377888,user32.dll,ChangeClipboardChain
-,jmp,0xa57bab,0x750684d0,,1963361488,10845099,12,6,true,1963361488,user32.dll,GetClipboardData
-,jmp,0xa57bb7,0x75064790,,1963345808,10845111,6,12,true,1963345808,user32.dll,PtInRect
-,jmp,0xa57bbd,0x7507af40,,1963437888,10845117,6,6,true,1963437888,user32.dll,OffsetRect
-,jmp,0xa57bc3,0x75068270,,1963360880,10845123,6,6,true,1963360880,user32.dll,SystemParametersInfoA
-,jmp,0xa57bc9,0x7507f060,,1963454560,10845129,6,6,true,1963454560,user32.dll,EqualRect
-,jmp,0xa57bcf,0x7506e110,,1963385104,10845135,6,6,true,1963385104,user32.dll,InflateRect
-,jmp,0xa57bd5,0x75065b30,,1963350832,10845141,6,6,true,1963350832,user32.dll,GetPhysicalCursorPos
-,jmp,0xa57bdb,0x750795b0,,1963431344,10845147,6,6,true,1963431344,user32.dll,ScreenToClient
-,jmp,0xa57be1,0x7507ec30,,1963453488,10845153,6,6,true,1963453488,user32.dll,ReleaseDC
-,jmp,0xa57be7,0x750c9df0,,1963761136,10845159,6,6,true,1963761136,user32.dll,ChangeDisplaySettingsA
-,jmp,0xa57bed,0x75df5f50,,1977573200,10845165,6,6,true,1977573200,gdi32.dll,GetStockObject
-,jmp,0xa57bf3,0x75df6d90,,1977576848,10845171,6,6,true,1977576848,gdi32.dll,CreateCompatibleDC
-,jmp,0xa57bf9,0x75df6ca0,,1977576608,10845177,6,6,true,1977576608,gdi32.dll,SelectObject
-,jmp,0xa57bff,0x75df6de0,,1977576928,10845183,6,6,true,1977576928,gdi32.dll,BitBlt
-,jmp,0xa57c05,0x75df6890,,1977575568,10845189,6,6,true,1977575568,gdi32.dll,DeleteDC
-,jmp,0xa57c0b,0x75df5880,,1977571456,10845195,6,6,true,1977571456,gdi32.dll,DeleteObject
-,jmp,0xa57c11,0x75dfae70,,1977593456,10845201,6,6,true,1977593456,gdi32.dll,GetDeviceGammaRamp
-,jmp,0xa57c17,0x75df8ed0,,1977585360,10845207,6,6,true,1977585360,gdi32.dll,SetDeviceGammaRamp
-,jmp,0xa57c1d,0x75df50f0,,1977569520,10845213,6,6,true,1977569520,gdi32.dll,CreateDCA
-,jmp,0xa57c23,0x75df5fc0,,1977573312,10845219,6,6,true,1977573312,gdi32.dll,GetDeviceCaps
-,jmp,0xa57c29,0x75df5e80,,1977572992,10845225,6,6,true,1977572992,gdi32.dll,CreateDIBSection
-,jmp,0xa57c2f,0x75df52a0,,1977569952,10845231,6,6,true,1977569952,gdi32.dll,CreateFontA
-,jmp,0xa57c35,0x75df6fc0,,1977577408,10845237,6,6,true,1977577408,gdi32.dll,SetBkMode
-,jmp,0xa57c3b,0x75df6e90,,1977577104,10845243,6,6,true,1977577104,gdi32.dll,SetTextColor
-,jmp,0xa57c41,0x75df5170,,1977569648,10845249,6,6,true,1977569648,gdi32.dll,TextOutA
-,jmp,0xa57c47,0x75505390,,1968198544,10845255,6,6,true,1968198544,comdlg32.dll,ChooseColorA
-,jmp,0xa57c4d,0x75d2f240,,1976758848,10845261,6,6,true,1976758848,advapi32.dll,RegOpenKeyExA
-,jmp,0xa57c53,0x75d2f080,,1976758400,10845267,6,6,true,1976758400,advapi32.dll,RegQueryValueExA
-,jmp,0xa57c59,0x75d306f0,,1976764144,10845273,6,6,true,1976764144,advapi32.dll,RegSetValueExA
-,jmp,0xa57c5f,0x75d2f150,,1976758608,10845279,6,6,true,1976758608,advapi32.dll,RegCloseKey
-,jmp,0xa57c65,0x75d2f580,,1976759680,10845285,6,6,true,1976759680,advapi32.dll,RegCreateKeyExA
-,jmp,0xa57c6b,0x75d2f940,,1976760640,10845291,6,6,true,1976760640,advapi32.dll,GetUserNameW
-,jmp,0xa57c71,0x75d2efe0,,1976758240,10845297,6,6,true,1976758240,advapi32.dll,RegOpenKeyExW
-,jmp,0xa57c77,0x75d2ef10,,1976758032,10845303,6,6,true,1976758032,advapi32.dll,RegQueryValueExW
-,jmp,0xa57c7d,0x75d339f0,,1976777200,10845309,6,6,true,1976777200,advapi32.dll,GetUserNameA
-,jmp,0xa57c83,0x76819cb0,,1988205744,10845315,6,6,true,1988205744,ole32.dll,CoInitialize
-,jmp,0xa57c89,0x75acaab0,,1974250160,10845321,6,6,true,1974250160,combase.dll,CoCreateInstance
-,jmp,0xa57c8f,0x75a9d3b0,,1974064048,10845327,6,6,true,1974064048,combase.dll,CoUninitialize
-,jmp,0xa57c95,0x75423d70,,1967275376,10845333,6,6,true,1967275376,oleaut32.dll,VariantInit
-,jmp,0xa57c9b,0x7542fa70,,1967323760,10845339,6,6,true,1967323760,oleaut32.dll,SysAllocString
-,jmp,0xa57ca1,0x7542ec30,,1967320112,10845345,7410,6,true,1967320112,oleaut32.dll,SysFreeString
-,jmp,0xcedcb1,0x6a40405f,,1782595679,13556913,64,9038,true,1782595679,msvcr90.dll,_aligned_malloc
-,jmp,0xcedcf1,0x6a404040,,1782595648,13556977,825,64,true,1782595648,msvcr90.dll,_aligned_free
-,jmp,0xf60c3d,0x767b35f0,,1987786224,16124989,6,6943,true,1987786224,shlwapi.dll,StrCmpW
-,jmp,0xf60c43,0x767c71d0,,1987867088,16124995,6,6,true,1987867088,shlwapi.dll,StrCatW
-,jmp,0xf60c49,0x767be360,,1987830624,16125001,6,6,true,1987830624,shlwapi.dll,PathCanonicalizeA
-,jmp,0xf60c4f,0x767be940,,1987832128,16125007,6,6,true,1987832128,shlwapi.dll,PathStripPathA
-,jmp,0xf60c55,0x767be3a0,,1987830688,16125013,6,6,true,1987830688,shlwapi.dll,PathCombineA
-,jmp,0xf60c5b,0x767b7830,,1987803184,16125019,6,6,true,1987803184,shlwapi.dll,PathCombineW
-,jmp,0xf60c61,0x767b59c0,,1987795392,16125025,6,6,true,1987795392,shlwapi.dll,PathIsRelativeW
-,jmp,0xf60c67,0x767b63a0,,1987797920,16125031,6,6,true,1987797920,shlwapi.dll,PathAppendW
-,jmp,0xf60c6d,0x767b5280,,1987793536,16125037,6,6,true,1987793536,shlwapi.dll,PathFindExtensionW
-,jmp,0xf60c73,0x767b5950,,1987795280,16125043,6,6,true,1987795280,shlwapi.dll,PathRemoveExtensionW
-,jmp,0xf60c79,0x693c5ebb,,1765564091,16125049,6,6,true,1765564091,msvcp90.dll,??1?$basic_string@DU?$char_traits@D@std@@V?$allocator@D@2@@std@@QAE@XZ
-,jmp,0xf60c7f,0x693c506e,,1765560430,16125055,6,6,true,1765560430,msvcp90.dll,?data@?$basic_string@DU?$char_traits@D@std@@V?$allocator@D@2@@std@@QBEPBDXZ
-,jmp,0xf60c85,0x693c7286,,1765569158,16125061,6,6,true,1765569158,msvcp90.dll,??0?$basic_string@DU?$char_traits@D@std@@V?$allocator@D@2@@std@@QAE@ABV01@II@Z
-,jmp,0xf60c8b,0x693c506e,,1765560430,16125067,6,6,true,1765560430,msvcp90.dll,?data@?$basic_string@DU?$char_traits@D@std@@V?$allocator@D@2@@std@@QBEPBDXZ
-,jmp,0xf60c91,0x693c7149,,1765568841,16125073,18,6,true,1765568841,msvcp90.dll,??0?$basic_string@DU?$char_traits@D@std@@V?$allocator@D@2@@std@@QAE@PBD@Z
-,jmp,0xf60ca3,0x693c5e81,,1765564033,16125091,6,18,true,1765564033,msvcp90.dll,??0?$basic_string@DU?$char_traits@D@std@@V?$allocator@D@2@@std@@QAE@XZ
-,jmp,0xf60ca9,0x693cd930,,1765595440,16125097,6,6,true,1765595440,msvcp90.dll,?length@?$basic_string@DU?$char_traits@D@std@@V?$allocator@D@2@@std@@QBEIXZ
-,jmp,0xf60caf,0x693c72b6,,1765569206,16125103,6,6,true,1765569206,msvcp90.dll,??4?$basic_string@DU?$char_traits@D@std@@V?$allocator@D@2@@std@@QAEAAV01@PBD@Z
-,jmp,0xf60cb5,0x693d8a4b,,1765640779,16125109,6,6,true,1765640779,msvcp90.dll,??0?$basic_string@GU?$char_traits@G@std@@V?$allocator@G@2@@std@@QAE@V?$_String_const_iterator@GU?$char_traits@G@std@@V?$allocator@G@2@@1@0@Z
-,jmp,0xf60cbb,0x693d0993,,1765607827,16125115,6,6,true,1765607827,msvcp90.dll,?_Myptr@?$basic_string@GU?$char_traits@G@std@@V?$allocator@G@2@@std@@IBEPBGXZ
-,jmp,0xf60cc1,0x693d0993,,1765607827,16125121,6,6,true,1765607827,msvcp90.dll,?_Myptr@?$basic_string@GU?$char_traits@G@std@@V?$allocator@G@2@@std@@IBEPBGXZ
-,jmp,0xf60cc7,0x693d6075,,1765630069,16125127,6,6,true,1765630069,msvcp90.dll,??1?$basic_string@GU?$char_traits@G@std@@V?$allocator@G@2@@std@@QAE@XZ
-,jmp,0xf60ccd,0x693d5aeb,,1765628651,16125133,6,6,true,1765628651,msvcp90.dll,??$?8GU?$char_traits@G@std@@V?$allocator@G@1@@std@@YA_NABV?$basic_string@GU?$char_traits@G@std@@V?$allocator@G@2@@0@PBG@Z
-,jmp,0xf60cd3,0x693d5974,,1765628276,16125139,6,6,true,1765628276,msvcp90.dll,??$?MDU?$char_traits@D@std@@V?$allocator@D@1@@std@@YA_NABV?$basic_string@DU?$char_traits@D@std@@V?$allocator@D@2@@0@0@Z
-,jmp,0xf60cd9,0x693d0993,,1765607827,16125145,6,6,true,1765607827,msvcp90.dll,?_Myptr@?$basic_string@GU?$char_traits@G@std@@V?$allocator@G@2@@std@@IBEPBGXZ
-,jmp,0xf60cdf,0x693d5b67,,1765628775,16125151,6,6,true,1765628775,msvcp90.dll,??$?MGU?$char_traits@G@std@@V?$allocator@G@1@@std@@YA_NABV?$basic_string@GU?$char_traits@G@std@@V?$allocator@G@2@@0@PBG@Z
-,jmp,0xf60ce5,0x693d58ba,,1765628090,16125157,6,6,true,1765628090,msvcp90.dll,??$?8DU?$char_traits@D@std@@V?$allocator@D@1@@std@@YA_NABV?$basic_string@DU?$char_traits@D@std@@V?$allocator@D@2@@0@0@Z
-,jmp,0xf60ceb,0x693dc95a,,1765656922,16125163,6,6,true,1765656922,msvcp90.dll,??$?HDU?$char_traits@D@std@@V?$allocator@D@1@@std@@YA?AV?$basic_string@DU?$char_traits@D@std@@V?$allocator@D@2@@0@ABV10@D@Z
-,jmp,0xf60cf1,0x693d6059,,1765630041,16125169,6,6,true,1765630041,msvcp90.dll,??0?$basic_string@GU?$char_traits@G@std@@V?$allocator@G@2@@std@@QAE@V?$_String_const_iterator@GU?$char_traits@G@std@@V?$allocator@G@2@@1@0@Z
-,jmp,0xf60cf7,0x693d8b0f,,1765640975,16125175,6,6,true,1765640975,msvcp90.dll,?insert@?$basic_string@GU?$char_traits@G@std@@V?$allocator@G@2@@std@@QAEAAV12@IABV12@@Z
-,jmp,0xf60cfd,0x693d97c3,,1765644227,16125181,6,6,true,1765644227,msvcp90.dll,??$?HDU?$char_traits@D@std@@V?$allocator@D@1@@std@@YA?AV?$basic_string@DU?$char_traits@D@std@@V?$allocator@D@2@@0@ABV10@D@Z
-,jmp,0xf60d03,0x693c5345,,1765561157,16125187,6,6,true,1765561157,msvcp90.dll,??A?$basic_string@DU?$char_traits@D@std@@V?$allocator@D@2@@std@@QAEAADI@Z
-,jmp,0xf60d09,0x693c501f,,1765560351,16125193,6,6,true,1765560351,msvcp90.dll,?_Xfunc@tr1@std@@YAXXZ
-,jmp,0xf60d0f,0x693c4ef3,,1765560051,16125199,6,6,true,1765560051,msvcp90.dll,?compare@?$char_traits@D@std@@SAHPBD0I@Z
-,jmp,0xf60d15,0x693c4eb9,,1765559993,16125205,6,6,true,1765559993,msvcp90.dll,?eq@?$char_traits@D@std@@SA_NABD0@Z
-,jmp,0xf60d1b,0x693d9bd2,,1765645266,16125211,6,6,true,1765645266,msvcp90.dll,?swap@?$basic_string@DU?$char_traits@D@std@@V?$allocator@D@2@@std@@QAEXAAV12@@Z
-,jmp,0xf60d21,0x693c5468,,1765561448,16125217,6,6,true,1765561448,msvcp90.dll,?rfind@?$basic_string@DU?$char_traits@D@std@@V?$allocator@D@2@@std@@QBEIPBDII@Z
-,jmp,0xf60d27,0x693d4ac9,,1765624521,16125223,6,6,true,1765624521,msvcp90.dll,?begin@?$basic_string@GU?$char_traits@G@std@@V?$allocator@G@2@@std@@QBE?AV?$_String_const_iterator@GU?$char_traits@G@std@@V?$allocator@G@2@@2@XZ
-,jmp,0xf60d2d,0x693d4a71,,1765624433,16125229,6,6,true,1765624433,msvcp90.dll,?begin@?$basic_string@_WU?$char_traits@_W@std@@V?$allocator@_W@2@@std@@QBE?AV?$_String_const_iterator@_WU?$char_traits@_W@std@@V?$allocator@_W@2@@2@XZ
-,jmp,0xf60d33,0x693d8b37,,1765641015,16125235,6,6,true,1765641015,msvcp90.dll,?insert@?$basic_string@GU?$char_traits@G@std@@V?$allocator@G@2@@std@@QAEAAV12@IABV12@@Z
-,jmp,0xf60d39,0x693d8dbf,,1765641663,16125241,6,6,true,1765641663,msvcp90.dll,??0?$basic_string@GU?$char_traits@G@std@@V?$allocator@G@2@@std@@QAE@V?$_String_const_iterator@GU?$char_traits@G@std@@V?$allocator@G@2@@1@0@Z
-,jmp,0xf60d3f,0x693c757a,,1765569914,16125247,6,6,true,1765569914,msvcp90.dll,?substr@?$basic_string@DU?$char_traits@D@std@@V?$allocator@D@2@@std@@QBE?AV12@II@Z
-,jmp,0xf60d45,0x693c551f,,1765561631,16125253,6,6,true,1765561631,msvcp90.dll,?rfind@?$basic_string@DU?$char_traits@D@std@@V?$allocator@D@2@@std@@QBEIDI@Z
-,jmp,0xf60d4b,0x693c5c72,,1765563506,16125259,6,6,true,1765563506,msvcp90.dll,?find_first_of@?$basic_string@DU?$char_traits@D@std@@V?$allocator@D@2@@std@@QBEIABV12@I@Z
-,jmp,0xf60d51,0x693c5423,,1765561379,16125265,6,6,true,1765561379,msvcp90.dll,?find@?$basic_string@DU?$char_traits@D@std@@V?$allocator@D@2@@std@@QBEIPBDI@Z
-,jmp,0xf60d57,0x693cd930,,1765595440,16125271,6,6,true,1765595440,msvcp90.dll,?length@?$basic_string@DU?$char_traits@D@std@@V?$allocator@D@2@@std@@QBEIXZ
-,jmp,0xf60d5d,0x693c72de,,1765569246,16125277,6,6,true,1765569246,msvcp90.dll,??Y?$basic_string@DU?$char_traits@D@std@@V?$allocator@D@2@@std@@QAEAAV01@PBD@Z
-,jmp,0xf60d63,0x693c75a3,,1765569955,16125283,6,6,true,1765569955,msvcp90.dll,??4?$basic_string@DU?$char_traits@D@std@@V?$allocator@D@2@@std@@QAEAAV01@ABV01@@Z
-,jmp,0xf60d69,0x693d8def,,1765641711,16125289,6,6,true,1765641711,msvcp90.dll,??Y?$basic_string@_WU?$char_traits@_W@std@@V?$allocator@_W@2@@std@@QAEAAV01@_W@Z
-,jmp,0xf60d6f,0x693d9bb2,,1765645234,16125295,6,6,true,1765645234,msvcp90.dll,??Y?$basic_string@_WU?$char_traits@_W@std@@V?$allocator@_W@2@@std@@QAEAAV01@_W@Z
-,jmp,0xf60d75,0x693d61a9,,1765630377,16125301,6,6,true,1765630377,msvcp90.dll,?clear@?$basic_string@GU?$char_traits@G@std@@V?$allocator@G@2@@std@@QAEXXZ
-,jmp,0xf60d7b,0x693c5f90,,1765564304,16125307,6,6,true,1765564304,msvcp90.dll,?clear@?$basic_string@DU?$char_traits@D@std@@V?$allocator@D@2@@std@@QAEXXZ
-,jmp,0xf60d81,0x693c5acb,,1765563083,16125313,6,6,true,1765563083,msvcp90.dll,?end@?$basic_string@DU?$char_traits@D@std@@V?$allocator@D@2@@std@@QAE?AV?$_String_iterator@DU?$char_traits@D@std@@V?$allocator@D@2@@2@XZ
-,jmp,0xf60d87,0x693c5a79,,1765563001,16125319,6,6,true,1765563001,msvcp90.dll,?begin@?$basic_string@DU?$char_traits@D@std@@V?$allocator@D@2@@std@@QAE?AV?$_String_iterator@DU?$char_traits@D@std@@V?$allocator@D@2@@2@XZ
-,jmp,0xf60d8d,0x693d9bd2,,1765645266,16125325,6,6,true,1765645266,msvcp90.dll,?swap@?$basic_string@DU?$char_traits@D@std@@V?$allocator@D@2@@std@@QAEXAAV12@@Z
-,jmp,0xf60d93,0x693c75b3,,1765569971,16125331,6,6,true,1765569971,msvcp90.dll,??Y?$basic_string@DU?$char_traits@D@std@@V?$allocator@D@2@@std@@QAEAAV01@ABV01@@Z
-,jmp,0xf60d99,0x693c506e,,1765560430,16125337,6,6,true,1765560430,msvcp90.dll,?data@?$basic_string@DU?$char_traits@D@std@@V?$allocator@D@2@@std@@QBEPBDXZ
-,jmp,0xf60d9f,0x693c70eb,,1765568747,16125343,6,6,true,1765568747,msvcp90.dll,??0?$basic_string@DU?$char_traits@D@std@@V?$allocator@D@2@@std@@QAE@PBDI@Z
-,jmp,0xf60da5,0x693c74ec,,1765569772,16125349,6,6,true,1765569772,msvcp90.dll,?replace@?$basic_string@DU?$char_traits@D@std@@V?$allocator@D@2@@std@@QAEAAV12@IIPBD@Z
-,jmp,0xf60dab,0x693c5a03,,1765562883,16125355,6,6,true,1765562883,msvcp90.dll,?erase@?$basic_string@DU?$char_traits@D@std@@V?$allocator@D@2@@std@@QAEAAV12@II@Z
-,jmp,0xf60db1,0x693dc9a6,,1765656998,16125361,6,6,true,1765656998,msvcp90.dll,??$?HDU?$char_traits@D@std@@V?$allocator@D@1@@std@@YA?AV?$basic_string@DU?$char_traits@D@std@@V?$allocator@D@2@@0@PBDABV10@@Z
-,jmp,0xf60db7,0x693d58f2,,1765628146,16125367,6,6,true,1765628146,msvcp90.dll,??$?8DU?$char_traits@D@std@@V?$allocator@D@1@@std@@YA_NABV?$basic_string@DU?$char_traits@D@std@@V?$allocator@D@2@@0@PBD@Z
-,jmp,0xf60dbd,0x693d5952,,1765628242,16125373,6,6,true,1765628242,msvcp90.dll,??$?9DU?$char_traits@D@std@@V?$allocator@D@1@@std@@YA_NABV?$basic_string@DU?$char_traits@D@std@@V?$allocator@D@2@@0@PBD@Z
-,jmp,0xf60dc3,0x693cd930,,1765595440,16125379,6,6,true,1765595440,msvcp90.dll,?length@?$basic_string@DU?$char_traits@D@std@@V?$allocator@D@2@@std@@QBEIXZ
-,jmp,0xf60dc9,0x693d04ec,,1765606636,16125385,6,6,true,1765606636,msvcp90.dll,??A?$basic_string@_WU?$char_traits@_W@std@@V?$allocator@_W@2@@std@@QBEAB_WI@Z
-,jmp,0xf60dcf,0x693c5c1a,,1765563418,16125391,6,6,true,1765563418,msvcp90.dll,?find@?$basic_string@DU?$char_traits@D@std@@V?$allocator@D@2@@std@@QBEIABV12@I@Z
-,jmp,0xf60dd5,0x693c65d3,,1765565907,16125397,6,6,true,1765565907,msvcp90.dll,?insert@?$basic_string@DU?$char_traits@D@std@@V?$allocator@D@2@@std@@QAEAAV12@IPBD@Z
-,jmp,0xf60ddb,0x693c62ad,,1765565101,16125403,6,6,true,1765565101,msvcp90.dll,?append@?$basic_string@DU?$char_traits@D@std@@V?$allocator@D@2@@std@@QAEAAV12@PBD@Z
-,jmp,0xf60de1,0x693c620a,,1765564938,16125409,6,6,true,1765564938,msvcp90.dll,?append@?$basic_string@DU?$char_traits@D@std@@V?$allocator@D@2@@std@@QAEAAV12@PBDI@Z
-,jmp,0xf60de7,0x693c7306,,1765569286,16125415,6,6,true,1765569286,msvcp90.dll,?append@?$basic_string@DU?$char_traits@D@std@@V?$allocator@D@2@@std@@QAEAAV12@ABV12@II@Z
-,jmp,0xf60ded,0x693c643c,,1765565500,16125421,6,6,true,1765565500,msvcp90.dll,?assign@?$basic_string@DU?$char_traits@D@std@@V?$allocator@D@2@@std@@QAEAAV12@PBD@Z
-,jmp,0xf60df3,0x693d6cbf,,1765633215,16125427,6,6,true,1765633215,msvcp90.dll,?assign@?$basic_string@_WU?$char_traits@_W@std@@V?$allocator@_W@2@@std@@QAEAAV12@PB_W0@Z
-,jmp,0xf60df9,0x693c6c66,,1765567590,16125433,6,6,true,1765567590,msvcp90.dll,?replace@?$basic_string@DU?$char_traits@D@std@@V?$allocator@D@2@@std@@QAEAAV12@IIPBD@Z
-,jmp,0xf60dff,0x693cd930,,1765595440,16125439,6,6,true,1765595440,msvcp90.dll,?length@?$basic_string@DU?$char_traits@D@std@@V?$allocator@D@2@@std@@QBEIXZ
-,jmp,0xf60e05,0x693c57e5,,1765562341,16125445,6,6,true,1765562341,msvcp90.dll,?compare@?$basic_string@DU?$char_traits@D@std@@V?$allocator@D@2@@std@@QBEHIIPBDI@Z
-,jmp,0xf60e0b,0x693c8b60,,1765575520,16125451,6,6,true,1765575520,msvcp90.dll,?fail@ios_base@std@@QBE_NXZ
-,jmp,0xf60e11,0x693c8b60,,1765575520,16125457,6,6,true,1765575520,msvcp90.dll,?fail@ios_base@std@@QBE_NXZ
-,jmp,0xf60e17,0x693c8b3d,,1765575485,16125463,6,6,true,1765575485,msvcp90.dll,?rdstate@ios_base@std@@QBEHXZ
-,jmp,0xf60e1d,0x693dac66,,1765649510,16125469,6,6,true,1765649510,msvcp90.dll,?close@?$basic_ofstream@DU?$char_traits@D@std@@@std@@QAEXXZ
-,jmp,0xf60e23,0x693e3744,,1765685060,16125475,6,6,true,1765685060,msvcp90.dll,??0?$basic_ofstream@DU?$char_traits@D@std@@@std@@QAE@PBDHH@Z
-,jmp,0xf60e29,0x693dabdf,,1765649375,16125481,6,6,true,1765649375,msvcp90.dll,?close@?$basic_ifstream@DU?$char_traits@D@std@@@std@@QAEXXZ
-,jmp,0xf60e2f,0x693e2ba7,,1765682087,16125487,6,6,true,1765682087,msvcp90.dll,??0?$basic_ifstream@DU?$char_traits@D@std@@@std@@QAE@PBDHH@Z
-,jmp,0xf60e35,0x693eeb26,,1765731110,16125493,6,6,true,1765731110,msvcp90.dll,?read@?$basic_istream@DU?$char_traits@D@std@@@std@@QAEAAV12@PADH@Z
-,jmp,0xf60e3b,0x693d10d7,,1765609687,16125499,6,6,true,1765609687,msvcp90.dll,?tellp@?$basic_ostream@DU?$char_traits@D@std@@@std@@QAE?AV?$fpos@H@2@XZ
-,jmp,0xf60e41,0x693da7ff,,1765648383,16125505,6,6,true,1765648383,msvcp90.dll,?seekp@?$basic_ostream@DU?$char_traits@D@std@@@std@@QAEAAV12@V?$fpos@H@2@@Z
-,jmp,0xf60e47,0x693ed91e,,1765726494,16125511,6,6,true,1765726494,msvcp90.dll,?write@?$basic_ostream@DU?$char_traits@D@std@@@std@@QAEAAV12@PBDH@Z
-,jmp,0xf60e4d,0x693d088d,,1765607565,16125517,6,6,true,1765607565,msvcp90.dll,?compare@?$basic_string@_WU?$char_traits@_W@std@@V?$allocator@_W@2@@std@@QBEHIIPB_WI@Z
-,jmp,0xf60e53,0x693d8f11,,1765642001,16125523,6,6,true,1765642001,msvcp90.dll,?substr@?$basic_string@GU?$char_traits@G@std@@V?$allocator@G@2@@std@@QBE?AV12@II@Z
-,jmp,0xf60e59,0x693d4b98,,1765624728,16125529,6,6,true,1765624728,msvcp90.dll,?find_first_of@?$basic_string@_WU?$char_traits@_W@std@@V?$allocator@_W@2@@std@@QBEIABV12@I@Z
-,jmp,0xf60e5f,0x693d09a6,,1765607846,16125535,6,6,true,1765607846,msvcp90.dll,?find@?$basic_string@GU?$char_traits@G@std@@V?$allocator@G@2@@std@@QBEIPBGI@Z
-,jmp,0xf60e65,0x693cd922,,1765595426,16125541,6,6,true,1765595426,msvcp90.dll,?empty@?$basic_string@DU?$char_traits@D@std@@V?$allocator@D@2@@std@@QBE_NXZ
-,jmp,0xf60e6b,0x693d4a9a,,1765624474,16125547,6,6,true,1765624474,msvcp90.dll,?begin@?$basic_string@GU?$char_traits@G@std@@V?$allocator@G@2@@std@@QAE?AV?$_String_iterator@GU?$char_traits@G@std@@V?$allocator@G@2@@2@XZ
-,jmp,0xf60e71,0x693d4a48,,1765624392,16125553,6,6,true,1765624392,msvcp90.dll,?begin@?$basic_string@GU?$char_traits@G@std@@V?$allocator@G@2@@std@@QAE?AV?$_String_iterator@GU?$char_traits@G@std@@V?$allocator@G@2@@2@XZ
-,jmp,0xf60e77,0x693cd922,,1765595426,16125559,6,6,true,1765595426,msvcp90.dll,?empty@?$basic_string@DU?$char_traits@D@std@@V?$allocator@D@2@@std@@QBE_NXZ
-,jmp,0xf60e7d,0x693e8d56,,1765707094,16125565,6,6,true,1765707094,msvcp90.dll,??_D?$basic_ofstream@DU?$char_traits@D@std@@@std@@QAEXXZ
-,jmp,0xf60e83,0x693e8cf3,,1765706995,16125571,6,6,true,1765706995,msvcp90.dll,??_D?$basic_ifstream@DU?$char_traits@D@std@@@std@@QAEXXZ
-,jmp,0xf60e89,0x72b24b20,,1924287264,16125577,6,6,true,1924287264,d3d9.dll,Direct3DCreate9
-,jmp,0xf60e8f,0x60458c17,,1615170583,16125583,6,6,true,1615170583,d3dx9_42.dll,D3DXCreateLine
-,jmp,0xf60e95,0x604704c2,,1615267010,16125589,6,6,true,1615267010,d3dx9_42.dll,D3DXMatrixTranslation
-,jmp,0xf60e9b,0x60470435,,1615266869,16125595,6,6,true,1615266869,d3dx9_42.dll,D3DXMatrixScaling
-,jmp,0xf60ea1,0x60470681,,1615267457,16125601,6,6,true,1615267457,d3dx9_42.dll,D3DXMatrixRotationZ
-,jmp,0xf60ea7,0x6046fa75,,1615264373,16125607,6,6,true,1615264373,d3dx9_42.dll,D3DXMatrixMultiply
-,jmp,0xf60ead,0x60458a28,,1615170088,16125613,6,6,true,1615170088,d3dx9_42.dll,D3DXCreateSprite
-,jmp,0xf60eb3,0x604fe4ed,,1615848685,16125619,6,6,true,1615848685,d3dx9_42.dll,D3DXCreateTextureFromFileExA
-,jmp,0xf60eb9,0x60458cfa,,1615170810,16125625,6,6,true,1615170810,d3dx9_42.dll,D3DXCreateFontA
-,jmp,0xf60ebf,0x6046f08e,,1615261838,16125631,6,6,true,1615261838,d3dx9_42.dll,D3DXVec3CatmullRom
-,jmp,0xf60ec5,0x604fa825,,1615833125,16125637,6,6,true,1615833125,d3dx9_42.dll,D3DXSaveSurfaceToFileA
-,jmp,0xf60ecb,0x604fe48a,,1615848586,16125643,6,6,true,1615848586,d3dx9_42.dll,D3DXSaveTextureToFileA
-,jmp,0xf60ed1,0x60471cec,,1615273196,16125649,6,6,true,1615273196,d3dx9_42.dll,D3DXQuaternionSlerp
-,jmp,0xf60ed7,0x6051fcd6,,1615985878,16125655,6,6,true,1615985878,d3dx9_42.dll,D3DXCreateEffectCompiler
-,jmp,0xf60edd,0x60520caa,,1615989930,16125661,6,6,true,1615989930,d3dx9_42.dll,D3DXCreateEffect
-,jmp,0xf60ee3,0x604fe011,,1615847441,16125667,6,6,true,1615847441,d3dx9_42.dll,D3DXCreateVolumeTextureFromFileInMemoryEx
-,jmp,0xf60ee9,0x604fdfcd,,1615847373,16125673,6,6,true,1615847373,d3dx9_42.dll,D3DXCreateCubeTextureFromFileInMemoryEx
-,jmp,0xf60eef,0x6046fff2,,1615265778,16125679,6,6,true,1615265778,d3dx9_42.dll,D3DXMatrixInverse
-,jmp,0xf60ef5,0x60517d62,,1615953250,16125685,6,6,true,1615953250,d3dx9_42.dll,D3DXGetShaderVersion
-,jmp,0xf60efb,0x60517d79,,1615953273,16125691,6,6,true,1615953273,d3dx9_42.dll,D3DXGetShaderInputSemantics
-,jmp,0xf60f01,0x60517ac4,,1615952580,16125697,6,6,true,1615952580,d3dx9_42.dll,D3DXGetPixelShaderProfile
-,jmp,0xf60f07,0x60517b86,,1615952774,16125703,6,6,true,1615952774,d3dx9_42.dll,D3DXGetVertexShaderProfile
-,jmp,0xf60f0d,0x604fcc2d,,1615842349,16125709,6,6,true,1615842349,d3dx9_42.dll,D3DXLoadSurfaceFromSurface
-,jmp,0xf60f13,0x604fa86d,,1615833197,16125715,6,6,true,1615833197,d3dx9_42.dll,D3DXSaveSurfaceToFileInMemory
-,jmp,0xf60f19,0x604feae5,,1615850213,16125721,6,6,true,1615850213,d3dx9_42.dll,D3DXCreateVolumeTextureFromFileInMemory
-,jmp,0xf60f1f,0x604fe8ba,,1615849658,16125727,6,6,true,1615849658,d3dx9_42.dll,D3DXCreateCubeTextureFromFileInMemory
-,jmp,0xf60f25,0x604fe6a7,,1615849127,16125733,6,6,true,1615849127,d3dx9_42.dll,D3DXCreateTextureFromFileInMemory
-,jmp,0xf60f2b,0x604fa5d3,,1615832531,16125739,6,6,true,1615832531,d3dx9_42.dll,D3DXGetImageInfoFromFileInMemory
-,jmp,0xf60f31,0x6046f84f,,1615263823,16125745,6,6,true,1615263823,d3dx9_42.dll,D3DXVec4Transform
-,jmp,0xf60f37,0x6046fcd5,,1615264981,16125751,6,6,true,1615264981,d3dx9_42.dll,D3DXMatrixTranspose
-,jmp,0xf60f3d,0x60459262,,1615172194,16125757,6,6,true,1615172194,d3dx9_42.dll,D3DXCreateBuffer
-,jmp,0xf60f43,0x6051980c,,1615960076,16125763,6,6,true,1615960076,d3dx9_42.dll,D3DXGetShaderConstantTableEx
-,jmp,0xf60f49,0x605195b3,,1615959475,16125769,6,6,true,1615959475,d3dx9_42.dll,D3DXCompileShader
-,jmp,0xf60f4f,0x60518c98,,1615957144,16125775,6,6,true,1615957144,d3dx9_42.dll,D3DXAssembleShader
-,jmp,0xf60f55,0x60333080,,1613967488,16125781,6,6,true,1613967488,fmodex.dll,?setBypass@DSP@FMOD@@QAG?AW4FMOD_RESULT@@_N@Z
-,jmp,0xf60f5b,0x60332f00,,1613967104,16125787,6,6,true,1613967104,fmodex.dll,?remove@DSP@FMOD@@QAG?AW4FMOD_RESULT@@XZ
-,jmp,0xf60f61,0x60332e10,,1613966864,16125793,6,6,true,1613966864,fmodex.dll,?release@DSP@FMOD@@QAG?AW4FMOD_RESULT@@XZ
-,jmp,0xf60f67,0x60335950,,1613977936,16125799,6,6,true,1613977936,fmodex.dll,?createDSPByType@System@FMOD@@QAG?AW4FMOD_RESULT@@W4FMOD_DSP_TYPE@@PAPAVDSP@2@@Z
-,jmp,0xf60f6d,0x60332c70,,1613966448,16125805,6,6,true,1613966448,fmodex.dll,?addDSP@ChannelGroup@FMOD@@QAG?AW4FMOD_RESULT@@PAVDSP@2@PAPAVDSPConnection@2@@Z
-,jmp,0xf60f73,0x60333010,,1613967376,16125811,6,6,true,1613967376,fmodex.dll,?setActive@DSP@FMOD@@QAG?AW4FMOD_RESULT@@_N@Z
-,jmp,0xf60f79,0x603331b0,,1613967792,16125817,6,6,true,1613967792,fmodex.dll,?setParameter@DSP@FMOD@@QAG?AW4FMOD_RESULT@@HM@Z
-,jmp,0xf60f7f,0x60334cb0,,1613974704,16125823,6,6,true,1613974704,fmodex.dll,?release@System@FMOD@@QAG?AW4FMOD_RESULT@@XZ
-,jmp,0xf60f85,0x603349a0,,1613973920,16125829,6,6,true,1613973920,fmodex.dll,?getMaxAudible@SoundGroup@FMOD@@QAG?AW4FMOD_RESULT@@PAH@Z
-,jmp,0xf60f8b,0x60332cd0,,1613966544,16125835,6,6,true,1613966544,fmodex.dll,?getChannel@ChannelGroup@FMOD@@QAG?AW4FMOD_RESULT@@HPAPAVChannel@2@@Z
-,jmp,0xf60f91,0x60331900,,1613961472,16125841,6,6,true,1613961472,fmodex.dll,?setPan@Channel@FMOD@@QAG?AW4FMOD_RESULT@@M@Z
-,jmp,0xf60f97,0x60331f20,,1613963040,16125847,6,6,true,1613963040,fmodex.dll,?set3DMinMaxDistance@Channel@FMOD@@QAG?AW4FMOD_RESULT@@MM@Z
-,jmp,0xf60f9d,0x60335c10,,1613978640,16125853,6,6,true,1613978640,fmodex.dll,?addDSP@System@FMOD@@QAG?AW4FMOD_RESULT@@PAVDSP@2@PAPAVDSPConnection@2@@Z
-,jmp,0xf60fa3,0x60335400,,1613976576,16125859,6,6,true,1613976576,fmodex.dll,?update@System@FMOD@@QAG?AW4FMOD_RESULT@@XZ
-,jmp,0xf60fa9,0x60332ca0,,1613966496,16125865,6,6,true,1613966496,fmodex.dll,?getName@ChannelGroup@FMOD@@QAG?AW4FMOD_RESULT@@PADH@Z
-,jmp,0xf60faf,0x60332440,,1613964352,16125871,6,6,true,1613964352,fmodex.dll,?isVirtual@Channel@FMOD@@QAG?AW4FMOD_RESULT@@PA_N@Z
-,jmp,0xf60fb5,0x60335690,,1613977232,16125877,6,6,true,1613977232,fmodex.dll,?getVersion@System@FMOD@@QAG?AW4FMOD_RESULT@@PAI@Z
-,jmp,0xf60fbb,0x60334d40,,1613974848,16125883,6,6,true,1613974848,fmodex.dll,?getNumDrivers@System@FMOD@@QAG?AW4FMOD_RESULT@@PAH@Z
-,jmp,0xf60fc1,0x60334ce0,,1613974752,16125889,6,6,true,1613974752,fmodex.dll,?setOutput@System@FMOD@@QAG?AW4FMOD_RESULT@@W4FMOD_OUTPUTTYPE@@@Z
-,jmp,0xf60fc7,0x60334df0,,1613975024,16125895,6,6,true,1613975024,fmodex.dll,?getDriverCaps@System@FMOD@@QAG?AW4FMOD_RESULT@@HPAIPAHPAW4FMOD_SPEAKERMODE@@@Z
-,jmp,0xf60fcd,0x603350e0,,1613975776,16125901,6,6,true,1613975776,fmodex.dll,?setSpeakerMode@System@FMOD@@QAG?AW4FMOD_RESULT@@W4FMOD_SPEAKERMODE@@@Z
-,jmp,0xf60fd3,0x60335720,,1613977376,16125907,6,6,true,1613977376,fmodex.dll,?getHardwareChannels@System@FMOD@@QAG?AW4FMOD_RESULT@@PAH@Z
-,jmp,0xf60fd9,0x60334ef0,,1613975280,16125913,6,6,true,1613975280,fmodex.dll,?getSoftwareChannels@System@FMOD@@QAG?AW4FMOD_RESULT@@PAH@Z
-,jmp,0xf60fdf,0x60334fa0,,1613975456,16125919,6,6,true,1613975456,fmodex.dll,?setDSPBufferSize@System@FMOD@@QAG?AW4FMOD_RESULT@@IH@Z
-,jmp,0xf60fe5,0x60334d70,,1613974896,16125925,6,6,true,1613974896,fmodex.dll,?getDriverInfo@System@FMOD@@QAG?AW4FMOD_RESULT@@HPADHPAUFMOD_GUID@@@Z
-,jmp,0xf60feb,0x60334f20,,1613975328,16125931,6,6,true,1613975328,fmodex.dll,?setSoftwareFormat@System@FMOD@@QAG?AW4FMOD_RESULT@@HW4FMOD_SOUND_FORMAT@@HHW4FMOD_DSP_RESAMPLER@@@Z
-,jmp,0xf60ff1,0x60334ec0,,1613975232,16125937,6,6,true,1613975232,fmodex.dll,?setSoftwareChannels@System@FMOD@@QAG?AW4FMOD_RESULT@@H@Z
-,jmp,0xf60ff7,0x60335080,,1613975680,16125943,6,6,true,1613975680,fmodex.dll,?setAdvancedSettings@System@FMOD@@QAG?AW4FMOD_RESULT@@PAUFMOD_ADVANCEDSETTINGS@@@Z
-,jmp,0xf60ffd,0x6932c550,,1764934992,16125949,6,6,true,1764934992,fmod_event.dll,?getMusicSystem@EventSystem@FMOD@@QAG?AW4FMOD_RESULT@@PAPAVMusicSystem@2@@Z
-,jmp,0xf61003,0x69317540,,1764848960,16125955,6,6,true,1764848960,fmod_event.dll,?getProperty@Event@FMOD@@QAG?AW4FMOD_RESULT@@PBDPAX_N@Z
-,jmp,0xf61009,0x69317750,,1764849488,16125961,6,6,true,1764849488,fmod_event.dll,?getVolume@Event@FMOD@@QAG?AW4FMOD_RESULT@@PAM@Z
-,jmp,0xf6100f,0x69317720,,1764849440,16125967,6,6,true,1764849440,fmod_event.dll,?setVolume@Event@FMOD@@QAG?AW4FMOD_RESULT@@M@Z
-,jmp,0xf61015,0x693178f0,,1764849904,16125973,6,6,true,1764849904,fmod_event.dll,?get3DAttributes@Event@FMOD@@QAG?AW4FMOD_RESULT@@PAUFMOD_VECTOR@@00@Z
-,jmp,0xf6101b,0x69317a30,,1764850224,16125979,6,6,true,1764850224,fmod_event.dll,?getUserData@Event@FMOD@@QAG?AW4FMOD_RESULT@@PAPAX@Z
-,jmp,0xf61021,0x6932ca20,,1764936224,16125985,6,6,true,1764936224,fmod_event.dll,?getNumReverbPresets@EventSystem@FMOD@@QAG?AW4FMOD_RESULT@@PAH@Z
-,jmp,0xf61027,0x6932c9e0,,1764936160,16125991,6,6,true,1764936160,fmod_event.dll,?getReverbPresetByIndex@EventSystem@FMOD@@QAG?AW4FMOD_RESULT@@HPAUFMOD_REVERB_PROPERTIES@@PAPAD@Z
-,jmp,0xf6102d,0x6932ca50,,1764936272,16125997,6,6,true,1764936272,fmod_event.dll,?createReverb@EventSystem@FMOD@@QAG?AW4FMOD_RESULT@@PAPAVEventReverb@2@@Z
-,jmp,0xf61033,0x6932ca80,,1764936320,16126003,6,6,true,1764936320,fmod_event.dll,?setReverbAmbientProperties@EventSystem@FMOD@@QAG?AW4FMOD_RESULT@@PAUFMOD_REVERB_PROPERTIES@@@Z
-,jmp,0xf61039,0x6932cab0,,1764936368,16126009,6,6,true,1764936368,fmod_event.dll,?getReverbAmbientProperties@EventSystem@FMOD@@QAG?AW4FMOD_RESULT@@PAUFMOD_REVERB_PROPERTIES@@@Z
-,jmp,0xf6103f,0x6932c400,,1764934656,16126015,6,6,true,1764934656,fmod_event.dll,?release@EventSystem@FMOD@@QAG?AW4FMOD_RESULT@@XZ
-,jmp,0xf61045,0x6932c710,,1764935440,16126021,6,6,true,1764935440,fmod_event.dll,?getCategory@EventSystem@FMOD@@QAG?AW4FMOD_RESULT@@PBDPAPAVEventCategory@2@@Z
-,jmp,0xf6104b,0x693173b0,,1764848560,16126027,6,6,true,1764848560,fmod_event.dll,?getInfo@Event@FMOD@@QAG?AW4FMOD_RESULT@@PAHPAPADPAUFMOD_EVENT_INFO@@@Z
-,jmp,0xf61051,0x6932c580,,1764935040,16126033,6,6,true,1764935040,fmod_event.dll,?setLanguage@EventSystem@FMOD@@QAG?AW4FMOD_RESULT@@PBD@Z
-,jmp,0xf61057,0x693176e0,,1764849376,16126039,6,6,true,1764849376,fmod_event.dll,?setCallback@Event@FMOD@@QAG?AW4FMOD_RESULT@@P6G?AW43@PAUFMOD_EVENT@@W4FMOD_EVENT_CALLBACKTYPE@@PAX22@Z2@Z
-,jmp,0xf6105d,0x69317480,,1764848768,16126045,6,6,true,1764848768,fmod_event.dll,?stop@Event@FMOD@@QAG?AW4FMOD_RESULT@@_N@Z
-,jmp,0xf61063,0x693174b0,,1764848816,16126051,6,6,true,1764848816,fmod_event.dll,?getParameter@Event@FMOD@@QAG?AW4FMOD_RESULT@@PBDPAPAVEventParameter@2@@Z
-,jmp,0xf61069,0x69325f60,,1764908896,16126057,6,6,true,1764908896,fmod_event.dll,?setValue@EventParameter@FMOD@@QAG?AW4FMOD_RESULT@@M@Z
-,jmp,0xf6106f,0x69317a60,,1764850272,16126063,6,6,true,1764850272,fmod_event.dll,?getState@Event@FMOD@@QAG?AW4FMOD_RESULT@@PAI@Z
-,jmp,0xf61075,0x69317ac0,,1764850368,16126069,6,6,true,1764850368,fmod_event.dll,?getChannelGroup@Event@FMOD@@QAG?AW4FMOD_RESULT@@PAPAVChannelGroup@2@@Z
-,jmp,0xf6107b,0x69317a00,,1764850176,16126075,6,6,true,1764850176,fmod_event.dll,?setUserData@Event@FMOD@@QAG?AW4FMOD_RESULT@@PAX@Z
-,jmp,0xf61081,0x69317450,,1764848720,16126081,6,6,true,1764848720,fmod_event.dll,?start@Event@FMOD@@QAG?AW4FMOD_RESULT@@XZ
-,jmp,0xf61087,0x693178b0,,1764849840,16126087,6,6,true,1764849840,fmod_event.dll,?set3DAttributes@Event@FMOD@@QAG?AW4FMOD_RESULT@@PBUFMOD_VECTOR@@00@Z
-,jmp,0xf6108d,0x69317930,,1764849968,16126093,6,6,true,1764849968,fmod_event.dll,?set3DOcclusion@Event@FMOD@@QAG?AW4FMOD_RESULT@@MM@Z
-,jmp,0xf61093,0x6932c610,,1764935184,16126099,6,6,true,1764935184,fmod_event.dll,?load@EventSystem@FMOD@@QAG?AW4FMOD_RESULT@@PBDPAUFMOD_EVENT_LOADINFO@@PAPAVEventProject@2@@Z
-,jmp,0xf61099,0x6932c430,,1764934704,16126105,6,6,true,1764934704,fmod_event.dll,?update@EventSystem@FMOD@@QAG?AW4FMOD_RESULT@@XZ
-,jmp,0xf6109f,0x6932cba0,,1764936608,16126111,6,6,true,1764936608,fmod_event.dll,?set3DListenerAttributes@EventSystem@FMOD@@QAG?AW4FMOD_RESULT@@HPBUFMOD_VECTOR@@000@Z
-,jmp,0xf610a5,0x69317580,,1764849024,16126117,6,6,true,1764849024,fmod_event.dll,?getPropertyByIndex@Event@FMOD@@QAG?AW4FMOD_RESULT@@HPAX_N@Z
-,jmp,0xf610ab,0x6930c220,,1764803104,16126123,6,6,true,1764803104,fmod_event.dll,FMOD_EventSystem_Create
-,jmp,0xf610b1,0x6932c520,,1764934944,16126129,6,6,true,1764934944,fmod_event.dll,?getSystemObject@EventSystem@FMOD@@QAG?AW4FMOD_RESULT@@PAPAVSystem@2@@Z
-,jmp,0xf610b7,0x6932c3c0,,1764934592,16126135,6,6,true,1764934592,fmod_event.dll,?init@EventSystem@FMOD@@QAG?AW4FMOD_RESULT@@HIPAXI@Z
-,jmp,0xf610bd,0x5e4e478c,,1582188428,16126141,6,6,true,1582188428,fmod_event_net.dll,?NetEventSystem_Shutdown@FMOD@@YG?AW4FMOD_RESULT@@XZ
-,jmp,0xf610c3,0x5e4e1a1e,,1582176798,16126147,6,6,true,1582176798,fmod_event_net.dll,?NetEventSystem_Update@FMOD@@YG?AW4FMOD_RESULT@@XZ
-,jmp,0xf610c9,0x5e4e1a5f,,1582176863,16126153,6,6,true,1582176863,fmod_event_net.dll,?NetEventSystem_Init@FMOD@@YG?AW4FMOD_RESULT@@PAVEventSystem@1@G@Z
-,jmp,0xf610cf,0x10009940,,268474688,16126159,6,6,true,268474688,physxloader.dll,NxGetUtilLib
-,jmp,0xf610d5,0x1000a120,,268476704,16126165,6,6,true,268476704,physxloader.dll,NxCreatePhysicsSDK
-,jmp,0xf610db,0x10009a10,,268474896,16126171,2406,6,true,268474896,physxloader.dll,NxReleasePhysicsSDK
-,jmp,0x14a9ae5,0x7501dbb0,,1963056048,21666533,6,51149,true,1963056048,imm32.dll,ImmIsUIMessageA
-,jmp,0x14a9aeb,0x750158f0,,1963022576,21666539,6,6,true,1963022576,imm32.dll,ImmReleaseContext
-,jmp,0x14a9af1,0x75012a80,,1963010688,21666545,6,6,true,1963010688,imm32.dll,ImmGetOpenStatus
-,jmp,0x14a9af7,0x75014260,,1963016800,21666551,6,6,true,1963016800,imm32.dll,ImmGetContext
-,jmp,0x14a9afd,0x7501dbe0,,1963056096,21666557,6,6,true,1963056096,imm32.dll,ImmIsUIMessageW
-,jmp,0x14a9b03,0x7501cbd0,,1963051984,21666563,6,6,true,1963051984,imm32.dll,ImmGetIMEFileNameA
-,jmp,0x14a9b09,0x75012a30,,1963010608,21666569,6,6,true,1963010608,imm32.dll,ImmGetConversionStatus
-,jmp,0x14a9b0f,0x750194d0,,1963037904,21666575,6,6,true,1963037904,imm32.dll,ImmSetConversionStatus
-,jmp,0x14a9b15,0x750195b0,,1963038128,21666581,6,6,true,1963038128,imm32.dll,ImmSetOpenStatus
-,jmp,0x14a9b1b,0x7501bba0,,1963047840,21666587,6,6,true,1963047840,imm32.dll,ImmNotifyIME
-,jmp,0x14a9b21,0x75018460,,1963033696,21666593,6,6,true,1963033696,imm32.dll,ImmGetCompositionStringW
-,jmp,0x14a9b27,0x75018c70,,1963035760,21666599,6,6,true,1963035760,imm32.dll,ImmSetCandidateWindow
-,jmp,0x14a9b2d,0x75019440,,1963037760,21666605,6,6,true,1963037760,imm32.dll,ImmSetCompositionWindow
-,jmp,0x14a9b33,0x7501ce00,,1963052544,21666611,6,6,true,1963052544,imm32.dll,ImmGetProperty
-,jmp,0x14a9b39,0x750181c0,,1963033024,21666617,6,6,true,1963033024,imm32.dll,ImmGetCandidateListW
-,jmp,0x14a9b3f,0x75017550,,1963029840,21666623,6,6,true,1963029840,imm32.dll,ImmAssociateContextEx
-,jmp,0x14a9b45,0x75018fa0,,1963036576,21666629,6,6,true,1963036576,imm32.dll,ImmSetCompositionStringW
-,jmp,0x14a9b4b,0x7501db60,,1963055968,21666635,6,6,true,1963055968,imm32.dll,ImmGetVirtualKey
-,jmp,0x14a9b51,0x75015780,,1963022208,21666641,3402,6,true,1963022208,imm32.dll,ImmGetDefaultIMEWnd
-,jmp,0x14aa89b,0x74eabe90,,1961541264,21670043,6,3402,true,1961541264,rpcrt4.dll,UuidCreate
-,jmp,0x14aa8a1,0x74ea9f60,,1961533280,21670049,6,6,true,1961533280,rpcrt4.dll,RpcStringFreeA
-,jmp,0x14aa8a7,0x74eea060,,1961795680,21670055,6,6,true,1961795680,rpcrt4.dll,UuidToStringA
-,jmp,0x14aa8ad,0x74ee9fc0,,1961795520,21670061,6,6,true,1961795520,rpcrt4.dll,UuidFromStringA
-,jmp,0x14aa8b3,0x74ea7fa0,,1961525152,21670067,6,6,true,1961525152,rpcrt4.dll,RpcStringFreeW
-,jmp,0x14aa8b9,0x74ea8160,,1961525600,21670073,6,6,true,1961525600,rpcrt4.dll,UuidToStringW
-,jmp,0x14aa8bf,0x725847a0,,1918388128,21670079,6,6,true,1918388128,winmm.dll,timeGetTime
-,jmp,0x14aa8c5,0x725838d0,,1918384336,21670085,6,6,true,1918384336,winmm.dll,timeSetEvent
-,jmp,0x14aa8cb,0x7258f8b0,,1918433456,21670091,6,6,true,1918433456,winmm.dll,timeGetDevCaps
-,jmp,0x14aa8d1,0x72583c00,,1918385152,21670097,6,6,true,1918385152,winmm.dll,timeKillEvent
-,jmp,0x14aa8d7,0x7258f890,,1918433424,21670103,6,6,true,1918433424,winmm.dll,timeEndPeriod
-,jmp,0x14aa8dd,0x7258f870,,1918433392,21670109,6,6,true,1918433392,winmm.dll,timeBeginPeriod
-,jmp,0x14aa8e3,0x74da5d50,,1960467792,21670115,6,6,true,1960467792,ws2_32.dll,WSAGetLastError
-,jmp,0x14aa8e9,0x74da56e0,,1960466144,21670121,6,6,true,1960466144,ws2_32.dll,htons
-,jmp,0x14aa8ef,0x74da56e0,,1960466144,21670127,6,6,true,1960466144,ws2_32.dll,htons
-,jmp,0x14aa8f5,0x74da57e0,,1960466400,21670133,6,6,true,1960466400,ws2_32.dll,inet_addr
-,jmp,0x14aa8fb,0x74da5940,,1960466752,21670139,6,6,true,1960466752,ws2_32.dll,inet_ntoa
-,jmp,0x14aa901,0x74dcff10,,1960640272,21670145,6,6,true,1960640272,ws2_32.dll,gethostbyname
-,jmp,0x14aa907,0x74dd00a0,,1960640672,21670151,6,6,true,1960640672,ws2_32.dll,gethostname
-,jmp,0x14aa90d,0x74da6400,,1960469504,21670157,6,6,true,1960469504,ws2_32.dll,WSACleanup
-,jmp,0x14aa913,0x74da9cc0,,1960484032,21670163,6,6,true,1960484032,ws2_32.dll,WSAStartup
-,jmp,0x14aa919,0x74db58a0,,1960532128,21670169,6,6,true,1960532128,ws2_32.dll,send
-,jmp,0x14aa91f,0x74db5ab0,,1960532656,21670175,6,6,true,1960532656,ws2_32.dll,recvfrom
-,jmp,0x14aa925,0x74db2270,,1960518256,21670181,6,6,true,1960518256,ws2_32.dll,getsockname
-,jmp,0x14aa92b,0x74db3200,,1960522240,21670187,6,6,true,1960522240,ws2_32.dll,getpeername
-,jmp,0x14aa931,0x74db32b0,,1960522416,21670193,6,6,true,1960522416,ws2_32.dll,shutdown
-,jmp,0x14aa937,0x74daf3b0,,1960506288,21670199,6,6,true,1960506288,ws2_32.dll,WSAIoctl
-,jmp,0x14aa93d,0x74daf070,,1960505456,21670205,6,6,true,1960505456,ws2_32.dll,setsockopt
-,jmp,0x14aa943,0x74da6010,,1960468496,21670211,6,6,true,1960468496,ws2_32.dll,WSAGetOverlappedResult
-,jmp,0x14aa949,0x74db2520,,1960518944,21670217,6,6,true,1960518944,ws2_32.dll,ioctlsocket
-,jmp,0x14aa94f,0x74db5e50,,1960533584,21670223,6,6,true,1960533584,ws2_32.dll,select
-,jmp,0x14aa955,0x74db5960,,1960532320,21670229,6,6,true,1960532320,ws2_32.dll,getsockopt
-,jmp,0x14aa95b,0x74da57a0,,1960466336,21670235,6,6,true,1960466336,ws2_32.dll,__WSAFDIsSet
-,jmp,0x14aa961,0x74dacbc0,,1960496064,21670241,6,6,true,1960496064,ws2_32.dll,WSASocketW
-,jmp,0x14aa967,0x74dac990,,1960495504,21670247,6,6,true,1960495504,ws2_32.dll,socket
-,jmp,0x14aa96d,0x74daea60,,1960503904,21670253,6,6,true,1960503904,ws2_32.dll,closesocket
-,jmp,0x14aa973,0x74db69c0,,1960536512,21670259,6,6,true,1960536512,ws2_32.dll,accept
-,jmp,0x14aa979,0x74db5710,,1960531728,21670265,6,6,true,1960531728,ws2_32.dll,connect
-,jmp,0x14aa97f,0x74daed70,,1960504688,21670271,6,6,true,1960504688,ws2_32.dll,WSARecv
-,jmp,0x14aa985,0x74db7050,,1960538192,21670277,6,6,true,1960538192,ws2_32.dll,WSARecvFrom
-,jmp,0x14aa98b,0x74dadff0,,1960501232,21670283,6,6,true,1960501232,ws2_32.dll,WSASend
-,jmp,0x14aa991,0x74db5d90,,1960533392,21670289,6,6,true,1960533392,ws2_32.dll,listen
-,jmp,0x14aa997,0x74dac860,,1960495200,21670295,6,6,true,1960495200,ws2_32.dll,WSAEventSelect
-,jmp,0x14aa99d,0x74dd5820,,1960663072,21670301,6,6,true,1960663072,ws2_32.dll,WSASendTo
-,jmp,0x14aa9a3,0x74db6160,,1960534368,21670307,6,6,true,1960534368,ws2_32.dll,sendto
-,jmp,0x14aa9a9,0x74dad890,,1960499344,21670313,6,6,true,1960499344,ws2_32.dll,bind
-,jmp,0x14aa9af,0x74da6250,,1960469072,21670319,6,6,true,1960469072,ws2_32.dll,WSASetLastError
-,jmp,0x14aa9b5,0x74db23a0,,1960518560,21670325,6,6,true,1960518560,ws2_32.dll,recv
-,jmp,0x14aa9bb,0x74da7580,,1960473984,21670331,6,6,true,1960473984,ws2_32.dll,FreeAddrInfoW
-,jmp,0x14aa9c1,0x74daa810,,1960486928,21670337,6,6,true,1960486928,ws2_32.dll,getaddrinfo
-,jmp,0x14aa9c7,0x692e2050,,1764630608,21670343,6,6,true,1764630608,nexon_api.dll,nxapi_get_api
-,jmp,0x14aa9cd,0x692e1f20,,1764630304,21670349,6,6,true,1764630304,nexon_api.dll,nxapi_init
-,jmp,0x14aa9d3,0x692e1ff0,,1764630512,21670355,6,6,true,1764630512,nexon_api.dll,nxapi_shutdown
-,jmp,0x14aa9d9,0x75271480,,1965495424,21670361,6,6,true,1965495424,psapi.dll,GetProcessMemoryInfo
-,jmp,0x14aa9df,0x6a403f03,,1782595331,21670367,22,6,true,1782595331,msvcr90.dll,??3@YAXPAX@Z
-,jmp,0x14aa9f5,0x6a40405f,,1782595679,21670389,6,22,true,1782595679,msvcr90.dll,_aligned_malloc
-,jmp,0x14aa9fb,0x6a404040,,1782595648,21670395,218,6,true,1782595648,msvcr90.dll,_aligned_free
-,jmp,0x14aaad5,0x6a403f23,,1782595363,21670613,6,218,true,1782595363,msvcr90.dll,??_V@YAXPAX@Z
-,jmp,0x14aaadb,0x6a403e99,,1782595225,21670619,98,6,true,1782595225,msvcr90.dll,??2@YAPAXI@Z
-,jmp,0x14aab3d,0x6a4119d7,,1782651351,21670717,194,98,true,1782651351,msvcr90.dll,_purecall
-,jmp,0x14aabff,0x6a3fbfb4,,1782562740,21670911,6,194,true,1782562740,msvcr90.dll,??0exception@std@@QAE@ABV01@@Z
-,jmp,0x14aac05,0x6a3fc091,,1782562961,21670917,6,6,true,1782562961,msvcr90.dll,?what@exception@std@@UBEPBDXZ
-,jmp,0x14aac0b,0x6a3fc076,,1782562934,21670923,6,6,true,1782562934,msvcr90.dll,??1exception@std@@UAE@XZ
-,jmp,0x14aac11,0x6a3fbf3a,,1782562618,21670929,6,6,true,1782562618,msvcr90.dll,??0exception@std@@QAE@ABQBD@Z
-,jmp,0x14aac17,0x6a40ccc9,,1782631625,21670935,6,6,true,1782631625,msvcr90.dll,_invalid_parameter_noinfo
-,jmp,0x14aac1d,0x6a3fbf24,,1782562596,21670941,108,6,true,1782562596,msvcr90.dll,??0exception@std@@QAE@XZ
-,jmp,0x14aac89,0x6a3d497e,,1782401406,21671049,6,108,true,1782401406,msvcr90.dll,_vsnprintf
-,jmp,0x14aac8f,0x6a421a37,,1782716983,21671055,6,6,true,1782716983,msvcr90.dll,_fpclass
-,jmp,0x14aac95,0x6a403d3f,,1782594879,21671061,6,6,true,1782594879,msvcr90.dll,malloc
-,jmp,0x14aac9b,0x6a406415,,1782604821,21671067,6,6,true,1782604821,msvcr90.dll,realloc
-,jmp,0x14aaca1,0x6a403b4e,,1782594382,21671073,6,6,true,1782594382,msvcr90.dll,free
-,jmp,0x14aaca7,0x6a3d2e73,,1782394483,21671079,6,6,true,1782394483,msvcr90.dll,sprintf
-,jmp,0x14aacad,0x6a3d69a3,,1782409635,21671085,6,6,true,1782409635,msvcr90.dll,memcpy_s
-,jmp,0x14aacb3,0x6a3d6ae1,,1782409953,21671091,6,6,true,1782409953,msvcr90.dll,strncmp
-,jmp,0x14aacb9,0x6a3dd377,,1782436727,21671097,6,6,true,1782436727,msvcr90.dll,atof
-,jmp,0x14aacbf,0x6a3d20c1,,1782390977,21671103,6,6,true,1782390977,msvcr90.dll,printf
-,jmp,0x14aacc5,0x6a3d6a25,,1782409765,21671109,6,6,true,1782409765,msvcr90.dll,memmove_s
-,jmp,0x14aaccb,0x6a3d2f16,,1782394646,21671115,6,6,true,1782394646,msvcr90.dll,sprintf_s
-,jmp,0x14aacd1,0x6a3d3369,,1782395753,21671121,6,6,true,1782395753,msvcr90.dll,swprintf_s
-,jmp,0x14aacd7,0x6a3d7141,,1782411585,21671127,6,6,true,1782411585,msvcr90.dll,wcscat_s
-,jmp,0x14aacdd,0x6a3d722a,,1782411818,21671133,6,6,true,1782411818,msvcr90.dll,wcscpy_s
-,jmp,0x14aace3,0x6a3d2998,,1782393240,21671139,6,6,true,1782393240,msvcr90.dll,_snprintf
-,jmp,0x14aace9,0x6a3d4de4,,1782402532,21671145,6,6,true,1782402532,msvcr90.dll,_vsnwprintf
-,jmp,0x14aacef,0x6a3d7524,,1782412580,21671151,6,6,true,1782412580,msvcr90.dll,wcsncpy
-,jmp,0x14aacf5,0x6a3d4ea4,,1782402724,21671157,6,6,true,1782402724,msvcr90.dll,_vswprintf
-,jmp,0x14aacfb,0x6a4149c0,,1782663616,21671163,6,6,true,1782663616,msvcr90.dll,qsort
-,jmp,0x14aad01,0x6a3d9dda,,1782423002,21671169,6,6,true,1782423002,msvcr90.dll,_localtime64_s
-,jmp,0x14aad07,0x6a3da4ac,,1782424748,21671175,6,6,true,1782424748,msvcr90.dll,_time64
-,jmp,0x14aad0d,0x6a3d518b,,1782403467,21671181,6,6,true,1782403467,msvcr90.dll,_vswprintf_c_l
-,jmp,0x14aad13,0x6a414f6d,,1782665069,21671187,6,6,true,1782665069,msvcr90.dll,rand
-,jmp,0x14aad19,0x6a3e00b5,,1782448309,21671193,6,6,true,1782448309,msvcr90.dll,_wtof
-,jmp,0x14aad1f,0x6a3d7573,,1782412659,21671199,6,6,true,1782412659,msvcr90.dll,wcsncpy_s
-,jmp,0x14aad25,0x6a3c637a,,1782342522,21671205,112,6,true,1782342522,msvcr90.dll,_wtoi
-,jmp,0x14aad95,0x6a3c60ad,,1782341805,21671317,6,112,true,1782341805,msvcr90.dll,atoi
-,jmp,0x14aad9b,0x6a3d7887,,1782413447,21671323,6,6,true,1782413447,msvcr90.dll,wcsstr
-,jmp,0x14aada1,0x6a403c40,,1782594624,21671329,6,6,true,1782594624,msvcr90.dll,calloc
-,jmp,0x14aada7,0x6a4062a2,,1782604450,21671335,6,6,true,1782604450,msvcr90.dll,_recalloc
-,jmp,0x14aadad,0x6a3d524a,,1782403658,21671341,6,6,true,1782403658,msvcr90.dll,vswprintf_s
-,jmp,0x14aadb3,0x6a3d4b5b,,1782401883,21671347,6,6,true,1782401883,msvcr90.dll,vsprintf_s
-,jmp,0x14aadb9,0x6a3e2e7a,,1782460026,21671353,6,6,true,1782460026,msvcr90.dll,_mbscmp
-,jmp,0x14aadbf,0x6a3c6874,,1782343796,21671359,6,6,true,1782343796,msvcr90.dll,_itow
-,jmp,0x14aadc5,0x6a3d4f2f,,1782402863,21671365,6,6,true,1782402863,msvcr90.dll,_vscwprintf
-,jmp,0x14aadcb,0x6a3d6d0a,,1782410506,21671371,6,6,true,1782410506,msvcr90.dll,strcpy_s
-,jmp,0x14aadd1,0x6a40cc60,,1782631520,21671377,6,6,true,1782631520,msvcr90.dll,_set_invalid_parameter_handler
-,jmp,0x14aadd7,0x6a3d774a,,1782413130,21671383,6,6,true,1782413130,msvcr90.dll,wcsrchr
-,jmp,0x14aaddd,0x6a3d71c3,,1782411715,21671389,6,6,true,1782411715,msvcr90.dll,wcschr
-,jmp,0x14aade3,0x6a3ddcb7,,1782439095,21671395,6,6,true,1782439095,msvcr90.dll,mbstowcs
-,jmp,0x14aade9,0x6a411a06,,1782651398,21671401,6,6,true,1782651398,msvcr90.dll,_set_purecall_handler
-,jmp,0x14aadef,0x6a404288,,1782596232,21671407,6,6,true,1782596232,msvcr90.dll,_aligned_realloc
-,jmp,0x14aadf5,0x6a3d0216,,1782383126,21671413,6,6,true,1782383126,msvcr90.dll,fprintf
-,jmp,0x14aadfb,0x6a3cf1c3,,1782378947,21671419,6,6,true,1782378947,msvcr90.dll,__iob_func
-,jmp,0x14aae01,0x6a3dbeb0,,1782431408,21671425,6,6,true,1782431408,msvcr90.dll,strstr
-,jmp,0x14aae07,0x6a3d2f5d,,1782394717,21671431,6,6,true,1782394717,msvcr90.dll,_snprintf_s
-,jmp,0x14aae0d,0x6a3da097,,1782423703,21671437,6,6,true,1782423703,msvcr90.dll,_localtime64
-,jmp,0x14aae13,0x6a3c2455,,1782326357,21671443,6,6,true,1782326357,msvcr90.dll,exit
-,jmp,0x14aae19,0x6a3d6d77,,1782410615,21671449,6,6,true,1782410615,msvcr90.dll,strncpy_s
-,jmp,0x14aae1f,0x6a3d61a2,,1782407586,21671455,6,6,true,1782407586,msvcr90.dll,wprintf
-,jmp,0x14aae25,0x6a412967,,1782655335,21671461,6,6,true,1782655335,msvcr90.dll,_splitpath
-,jmp,0x14aae2b,0x6a3fbbf6,,1782561782,21671467,6,6,true,1782561782,msvcr90.dll,strftime
-,jmp,0x14aae31,0x6a3d01a2,,1782383010,21671473,6,6,true,1782383010,msvcr90.dll,fopen
-,jmp,0x14aae37,0x6a3cfc61,,1782381665,21671479,6,6,true,1782381665,msvcr90.dll,fclose
-,jmp,0x14aae3d,0x6a3d4821,,1782401057,21671485,6,6,true,1782401057,msvcr90.dll,vsprintf
-,jmp,0x14aae43,0x6a3d0a2a,,1782385194,21671491,6,6,true,1782385194,msvcr90.dll,fseek
-,jmp,0x14aae49,0x6a3c87d4,,1782351828,21671497,6,6,true,1782351828,msvcr90.dll,_fullpath
-,jmp,0x14aae4f,0x6a3d30d0,,1782395088,21671503,6,6,true,1782395088,msvcr90.dll,sscanf
-,jmp,0x14aae55,0x6a3c8b05,,1782352645,21671509,6,6,true,1782352645,msvcr90.dll,_mkdir
-,jmp,0x14aae5b,0x6a3e5304,,1782469380,21671515,6,6,true,1782469380,msvcr90.dll,_mbsstr
-,jmp,0x14aae61,0x6a3d6ba6,,1782410150,21671521,6,6,true,1782410150,msvcr90.dll,strnlen
-,jmp,0x14aae67,0x6a3d4840,,1782401088,21671527,6,6,true,1782401088,msvcr90.dll,_vscprintf
-,jmp,0x14aae6d,0x6a3de761,,1782441825,21671533,6,6,true,1782441825,msvcr90.dll,strtoul
-,jmp,0x14aae73,0x6a3d01be,,1782383038,21671539,6,6,true,1782383038,msvcr90.dll,fopen_s
-,jmp,0x14aae79,0x6a3ce27a,,1782375034,21671545,6,6,true,1782375034,msvcr90.dll,_mbsinc
-,jmp,0x14aae7f,0x6a3e0cfc,,1782451452,21671551,6,6,true,1782451452,msvcr90.dll,_ismbcspace
-,jmp,0x14aae85,0x6a3e334d,,1782461261,21671557,6,6,true,1782461261,msvcr90.dll,_mbsicmp
-,jmp,0x14aae8b,0x6a3e2d32,,1782459698,21671563,6,6,true,1782459698,msvcr90.dll,_mbschr
-,jmp,0x14aae91,0x6a3d311f,,1782395167,21671569,6,6,true,1782395167,msvcr90.dll,sscanf_s
-,jmp,0x14aae97,0x6a3d0379,,1782383481,21671575,6,6,true,1782383481,msvcr90.dll,fprintf_s
-,jmp,0x14aae9d,0x6a3db810,,1782429712,21671581,6,6,true,1782429712,msvcr90.dll,strchr
-,jmp,0x14aaea3,0x6a414f56,,1782665046,21671587,6,6,true,1782665046,msvcr90.dll,srand
-,jmp,0x14aaea9,0x6a3d144b,,1782387787,21671593,6,6,true,1782387787,msvcr90.dll,fwrite
-,jmp,0x14aaeaf,0x6a3dec21,,1782443041,21671599,6,6,true,1782443041,msvcr90.dll,tolower
-,jmp,0x14aaeb5,0x6a3d6bc8,,1782410184,21671605,6,6,true,1782410184,msvcr90.dll,strcat_s
-,jmp,0x14aaebb,0x6a3dbdb0,,1782431152,21671611,6,6,true,1782431152,msvcr90.dll,strrchr
-,jmp,0x14aaec1,0x6a3d0000,,1782382592,21671617,6,6,true,1782382592,msvcr90.dll,fflush
-,jmp,0x14aaec7,0x6a3d0d95,,1782386069,21671623,6,6,true,1782386069,msvcr90.dll,ftell
-,jmp,0x14aaecd,0x6a3e4df0,,1782468080,21671629,6,6,true,1782468080,msvcr90.dll,_mbsrchr
-,jmp,0x14aaed3,0x6a3d6a87,,1782409863,21671635,6,6,true,1782409863,msvcr90.dll,_strdup
-,jmp,0x14aaed9,0x6a3d4c89,,1782402185,21671641,6,6,true,1782402185,msvcr90.dll,_vsnprintf_s
-,jmp,0x14aaedf,0x6a3d06a6,,1782384294,21671647,6,6,true,1782384294,msvcr90.dll,fread
-,jmp,0x14aaee5,0x6a3d6f2e,,1782411054,21671653,6,6,true,1782411054,msvcr90.dll,strtok
-,jmp,0x14aaeeb,0x6a3db310,,1782428432,21671659,6,6,true,1782428432,msvcr90.dll,memmove
-,jmp,0x14aaef1,0x6a3fa979,,1782557049,21671665,6,6,true,1782557049,msvcr90.dll,_wcsupr_s
-,jmp,0x14aaef7,0x6a3fa9b4,,1782557108,21671671,6,6,true,1782557108,msvcr90.dll,_wcsupr
-,jmp,0x14aaefd,0x6a3d78ed,,1782413549,21671677,900,6,true,1782413549,msvcr90.dll,wcstok
-,jmp,0x14ab281,0x6a41b330,,1782690608,21672577,6,900,true,1782690608,msvcr90.dll,_CIpow
-,jmp,0x14ab287,0x6a41b6b0,,1782691504,21672583,6,6,true,1782691504,msvcr90.dll,_CIsqrt
-,jmp,0x14ab28d,0x6a41b7b0,,1782691760,21672589,6,6,true,1782691760,msvcr90.dll,_CItan
-,jmp,0x14ab293,0x6a3db680,,1782429312,21672595,6,6,true,1782429312,msvcr90.dll,memset
-,jmp,0x14ab299,0x6a3fdb6e,,1782569838,21672601,6,6,true,1782569838,msvcr90.dll,__CxxFrameHandler
-,jmp,0x14ab29f,0x6a3dae20,,1782427168,21672607,190,6,true,1782427168,msvcr90.dll,memcpy
-,jmp,0x14ab35d,0x6a41ae30,,1782689328,21672797,6,190,true,1782689328,msvcr90.dll,_CIcos
-,jmp,0x14ab363,0x6a41b5c0,,1782691264,21672803,78,6,true,1782691264,msvcr90.dll,_CIsin
-,jmp,0x14ab3b1,0x6a423110,,1782722832,21672881,6,78,true,1782722832,msvcr90.dll,ceil
-,jmp,0x14ab3b7,0x6a423300,,1782723328,21672887,6,6,true,1782723328,msvcr90.dll,floor
-,jmp,0x14ab3bd,0x6a3fdf18,,1782570776,21672893,72,6,true,1782570776,msvcr90.dll,_CxxThrowException
-,jmp,0x14ab405,0x6a3c34cd,,1782330573,21672965,6,72,true,1782330573,msvcr90.dll,_beginthreadex
-,jmp,0x14ab40b,0x6a41aa50,,1782688336,21672971,50,6,true,1782688336,msvcr90.dll,_CIacos
-,jmp,0x14ab43d,0x6a41256b,,1782654315,21673021,6,50,true,1782654315,msvcr90.dll,abort
-,jmp,0x14ab443,0x6a3d2253,,1782391379,21673027,6,6,true,1782391379,msvcr90.dll,puts
-,jmp,0x14ab449,0x6a4129b8,,1782655416,21673033,112,6,true,1782655416,msvcr90.dll,_splitpath_s
-,jmp,0x14ab4b9,0x6a3d6ff7,,1782411255,21673145,6,112,true,1782411255,msvcr90.dll,strtok_s
-,jmp,0x14ab4bf,0x6a41affa,,1782689786,21673151,6,6,true,1782689786,msvcr90.dll,_CIfmod
-,jmp,0x14ab4c5,0x6a3dbd60,,1782431072,21673157,6,6,true,1782431072,msvcr90.dll,strpbrk
-,jmp,0x14ab4cb,0x6a3dc791,,1782433681,21673163,6,6,true,1782433681,msvcr90.dll,isspace
-,jmp,0x14ab4d1,0x6a3dc678,,1782433400,21673169,6,6,true,1782433400,msvcr90.dll,isdigit
-,jmp,0x14ab4d7,0x6a41aba0,,1782688672,21673175,6,6,true,1782688672,msvcr90.dll,_CIasin
-,jmp,0x14ab4dd,0x6a3d9b66,,1782422374,21673181,6,6,true,1782422374,msvcr90.dll,_gmtime64_s
-,jmp,0x14ab4e3,0x6a3f8f83,,1782550403,21673187,6,6,true,1782550403,msvcr90.dll,strcoll
-,jmp,0x14ab4e9,0x6a3f90b7,,1782550711,21673193,6,6,true,1782550711,msvcr90.dll,_stricmp
-,jmp,0x14ab4ef,0x6a3f96ae,,1782552238,21673199,6,6,true,1782552238,msvcr90.dll,_strnicmp
-,jmp,0x14ab4f5,0x6a3d00d9,,1782382809,21673205,6,6,true,1782382809,msvcr90.dll,_fsopen
-,jmp,0x14ab4fb,0x6a3d9b56,,1782422358,21673211,44,6,true,1782422358,msvcr90.dll,_ftime64
-,jmp,0x14ab527,0x6a40f212,,1782641170,21673255,6,44,true,1782641170,msvcr90.dll,getenv_s
-,jmp,0x14ab52d,0x6a3ded7f,,1782443391,21673261,6,6,true,1782443391,msvcr90.dll,toupper
-,jmp,0x14ab533,0x6a3c8a5d,,1782352477,21673267,6,6,true,1782352477,msvcr90.dll,_getcwd
-,jmp,0x14ab539,0x6a3f99fb,,1782553083,21673273,6,6,true,1782553083,msvcr90.dll,_strupr_s
-,jmp,0x14ab53f,0x6a3f93ca,,1782551498,21673279,6,6,true,1782551498,msvcr90.dll,_strlwr_s
-,jmp,0x14ab545,0x6a40d23f,,1782633023,21673285,6,6,true,1782633023,msvcr90.dll,signal
-,jmp,0x14ab54b,0x6a3de70f,,1782441743,21673291,6,6,true,1782441743,msvcr90.dll,strtol
-,jmp,0x14ab551,0x6a3dea50,,1782442576,21673297,6,6,true,1782442576,msvcr90.dll,_strtoi64
-,jmp,0x14ab557,0x6a3deaa2,,1782442658,21673303,6,6,true,1782442658,msvcr90.dll,_strtoui64
-,jmp,0x14ab55d,0x6a3dc4db,,1782432987,21673309,6,6,true,1782432987,msvcr90.dll,isalpha
-,jmp,0x14ab563,0x6a3dc8a8,,1782433960,21673315,6,6,true,1782433960,msvcr90.dll,isalnum
-,jmp,0x14ab569,0x6a3ce3e5,,1782375397,21673321,6,6,true,1782375397,msvcr90.dll,ferror
-,jmp,0x14ab56f,0x6a3cea07,,1782376967,21673327,6,6,true,1782376967,msvcr90.dll,fputc
-,jmp,0x14ab575,0x6a3d373a,,1782396730,21673333,6,6,true,1782396730,msvcr90.dll,swscanf_s
-,jmp,0x14ab57b,0x6a3c6646,,1782343238,21673339,6,6,true,1782343238,msvcr90.dll,_itoa_s
-,jmp,0x14ab581,0x6a3d799d,,1782413725,21673345,6,6,true,1782413725,msvcr90.dll,wcstok_s
-,jmp,0x14ab587,0x6a3f9e36,,1782554166,21673351,6,6,true,1782554166,msvcr90.dll,_wcsicmp
-,jmp,0x14ab58d,0x6a3db190,,1782428048,21673357,6,6,true,1782428048,msvcr90.dll,memchr
-,jmp,0x14ab593,0x6a3d537d,,1782403965,21673363,6,6,true,1782403965,msvcr90.dll,_vsnwprintf_s
-,jmp,0x14ab599,0x6a41adda,,1782689242,21673369,6,6,true,1782689242,msvcr90.dll,_CIatan2
-,jmp,0x14ab59f,0x6a3db9c0,,1782430144,21673375,6,6,true,1782430144,msvcr90.dll,strlen
-,jmp,0x14ab5a5,0x6a3db8e0,,1782429920,21673381,6,6,true,1782429920,msvcr90.dll,strcmp
-,jmp,0x14ab5ab,0x6a41acf0,,1782689008,21673387,6,6,true,1782689008,msvcr90.dll,_CIatan
-,jmp,0x14ab5b1,0x6a403fe6,,1782595558,21673393,16,6,true,1782595558,msvcr90.dll,_aligned_msize
-,jmp,0x14ab5c1,0x6a3fa21b,,1782555163,21673409,6,16,true,1782555163,msvcr90.dll,_wcslwr_s
-,jmp,0x14ab5c7,0x6a3d7839,,1782413369,21673415,6,6,true,1782413369,msvcr90.dll,wcsspn
-,jmp,0x14ab5cd,0x6a3d729e,,1782411934,21673421,6,6,true,1782411934,msvcr90.dll,wcscspn
-,jmp,0x14ab5d3,0x6a3dce02,,1782435330,21673427,6,6,true,1782435330,msvcr90.dll,iswdigit
-,jmp,0x14ab5d9,0x6a3dce70,,1782435440,21673433,6,6,true,1782435440,msvcr90.dll,iswspace
-,jmp,0x14ab5df,0x6a3e50b0,,1782468784,21673439,6,6,true,1782468784,msvcr90.dll,_mbsspn
-,jmp,0x14ab5e5,0x6a3e0676,,1782449782,21673445,6,6,true,1782449782,msvcr90.dll,_ismbcdigit
-,jmp,0x14ab5eb,0x6a3fe3f0,,1782572016,21673451,6,6,true,1782572016,msvcr90.dll,__RTDynamicCast
-,jmp,0x14ab5f1,0x6a413678,,1782658680,21673457,6,6,true,1782658680,msvcr90.dll,_wmakepath_s
-,jmp,0x14ab5f7,0x6a4143f3,,1782662131,21673463,6,6,true,1782662131,msvcr90.dll,_wsplitpath_s
-,jmp,0x14ab5fd,0x6a3d7364,,1782412132,21673469,240,6,true,1782412132,msvcr90.dll,wcsnlen
-,jmp,0x14ab6ed,0x6a3c66a1,,1782343329,21673709,6,240,true,1782343329,msvcr90.dll,_ultoa_s
-,jmp,0x14ab6f3,0x6a3fbe59,,1782562393,21673715,6,6,true,1782562393,msvcr90.dll,wcsftime
-,jmp,0x14ab6f9,0x6a3d7cb4,,1782414516,21673721,6,6,true,1782414516,msvcr90.dll,clock
-,jmp,0x14ab6ff,0x6a41af9c,,1782689692,21673727,6,6,true,1782689692,msvcr90.dll,_CIexp
-,jmp,0x14ab705,0x6a41b070,,1782689904,21673733,98,6,true,1782689904,msvcr90.dll,_CIlog
-,jmp,0x14ab767,0x6a3c33ef,,1782330351,21673831,6,98,true,1782330351,msvcr90.dll,_endthreadex
-,jmp,0x14ab76d,0x6a41a95b,,1782688091,21673837,170,6,true,1782688091,msvcr90.dll,_controlfp_s
-,jmp,0x14ab817,0x6a3de4bf,,1782441151,21674007,6,170,true,1782441151,msvcr90.dll,strtod
-,jmp,0x14ab81d,0x6a410b1d,,1782647581,21674013,6,6,true,1782647581,msvcr90.dll,localeconv
-,jmp,0x14ab823,0x6a4126f0,,1782654704,21674019,6,6,true,1782654704,msvcr90.dll,_setjmp3
-,jmp,0x14ab829,0x6a4147d8,,1782663128,21674025,6,6,true,1782663128,msvcr90.dll,longjmp
-,jmp,0x14ab82f,0x6a3f9fb4,,1782554548,21674031,6,6,true,1782554548,msvcr90.dll,_wcsicoll
-,jmp,0x14ab835,0x6a3f9cc9,,1782553801,21674037,6,6,true,1782553801,msvcr90.dll,wcscoll
-,jmp,0x14ab83b,0x6a3c8553,,1782351187,21674043,6,6,true,1782351187,msvcr90.dll,_errno
-,jmp,0x14ab841,0x6a3d255b,,1782392155,21674049,6,6,true,1782392155,msvcr90.dll,rewind
-,jmp,0x14ab847,0x6a3d57d7,,1782405079,21674055,6,6,true,1782405079,msvcr90.dll,_wfopen_s
-,jmp,0x14ab84d,0x6a3ca9c4,,1782360516,21674061,6,6,true,1782360516,msvcr90.dll,_wstat64
-,jmp,0x14ab853,0x6a3dc706,,1782433542,21674067,6,6,true,1782433542,msvcr90.dll,isxdigit
-,jmp,0x14ab859,0x6a3dbe60,,1782431328,21674073,6,6,true,1782431328,msvcr90.dll,strspn
-,jmp,0x14ab85f,0x6a3db970,,1782430064,21674079,420,6,true,1782430064,msvcr90.dll,strcspn
-,jmp,0x14aba03,0x6a4236c0,,1782724288,21674499,6,420,true,1782724288,msvcr90.dll,modf
-,jmp,0x14aba09,0x6a3c4792,,1782335378,21674505,6,6,true,1782335378,msvcr90.dll,memcmp
-,jmp,0x14aba0f,0x6a3dddfb,,1782439419,21674511,6,6,true,1782439419,msvcr90.dll,mbstowcs_s
-,jmp,0x14aba15,0x6a41b1d0,,1782690256,21674517,6,6,true,1782690256,msvcr90.dll,_CIlog10
-,jmp,0x14aba1b,0x6a3d6c41,,1782410305,21674523,6,6,true,1782410305,msvcr90.dll,strncat_s
-,jmp,0x14aba21,0x6a41adf0,,1782689264,21674529,6,6,true,1782689264,msvcr90.dll,cos
-,jmp,0x14aba27,0x6a41b6c4,,1782691524,21674535,6,6,true,1782691524,msvcr90.dll,sqrt
-,jmp,0x14aba2d,0x6a3dbb90,,1782430608,21674541,6,6,true,1782430608,msvcr90.dll,strncpy
-,jmp,0x14aba33,0x6a3ce568,,1782375784,21674547,6,6,true,1782375784,msvcr90.dll,fgets
-,jmp,0x14aba39,0x6a3ceb18,,1782377240,21674553,6,6,true,1782377240,msvcr90.dll,fputs
-,jmp,0x14aba3f,0x6a414f94,,1782665108,21674559,6,6,true,1782665108,msvcr90.dll,strerror
-,jmp,0x14aba45,0x6a410c85,,1782647941,21674565,6,6,true,1782647941,msvcr90.dll,__sys_nerr
-,jmp,0x14aba4b,0x6a4079bd,,1782610365,21674571,6,6,true,1782610365,msvcr90.dll,_fstat64
-,jmp,0x14aba51,0x6a409442,,1782617154,21674577,6,6,true,1782617154,msvcr90.dll,_lseeki64
-,jmp,0x14aba57,0x6a40f18a,,1782641034,21674583,44,6,true,1782641034,msvcr90.dll,getenv
-,jmp,0x14aba83,0x6a3d9dae,,1782422958,21674627,6,44,true,1782422958,msvcr90.dll,_gmtime64
-,jmp,0x14aba89,0x6a3c90e7,,1782354151,21674633,6,6,true,1782354151,msvcr90.dll,_stat64
-,jmp,0x14aba8f,0x6a3dc5ef,,1782433263,21674639,6,6,true,1782433263,msvcr90.dll,islower
-,jmp,0x14aba95,0x6a3dc566,,1782433126,21674645,6,6,true,1782433126,msvcr90.dll,isupper
-,jmp,0x14aba9b,0x6a3dc938,,1782434104,21674651,6,6,true,1782434104,msvcr90.dll,isprint
-,jmp,0x14abaa1,0x6a3dc9c8,,1782434248,21674657,6,6,true,1782434248,msvcr90.dll,isgraph
-,jmp,0x14abaa7,0x6a423426,,1782723622,21674663,6,6,true,1782723622,msvcr90.dll,frexp
-,jmp,0x14abaad,0x6a41b2f0,,1782690544,21674669,6,6,true,1782690544,msvcr90.dll,pow
-,jmp,0x14abab3,0x6a4147c1,,1782663105,21674675,268,6,true,1782663105,msvcr90.dll,labs
-,jmp,0x14abbbf,0x6a3fbe7b,,1782562427,21674943,6,268,true,1782562427,msvcr90.dll,?terminate@@YAXXZ
-,jmp,0x14abbc5,0x6a3c2e16,,1782328854,21674949,6,6,true,1782328854,msvcr90.dll,_unlock
-,jmp,0x14abbcb,0x6a40ceb7,,1782632119,21674955,6,6,true,1782632119,msvcr90.dll,__dllonexit
-,jmp,0x14abbd1,0x6a3c3582,,1782330754,21674961,6,6,true,1782330754,msvcr90.dll,_encode_pointer
-,jmp,0x14abbd7,0x6a3c2efa,,1782329082,21674967,6,6,true,1782329082,msvcr90.dll,_lock
-,jmp,0x14abbdd,0x6a3c3607,,1782330887,21674973,86,6,true,1782330887,msvcr90.dll,_decode_pointer
-,jmp,0x14abc33,0x6a3c2157,,1782325591,21675059,6,86,true,1782325591,msvcr90.dll,_amsg_exit
-,jmp,0x14abc39,0x6a3c2793,,1782327187,21675065,82,6,true,1782327187,msvcr90.dll,__getmainargs
-,jmp,0x14abc8b,0x6a3c248b,,1782326411,21675147,6,82,true,1782326411,msvcr90.dll,_cexit
-,jmp,0x14abc91,0x6a3c2470,,1782326384,21675153,6,6,true,1782326384,msvcr90.dll,_exit
-,jmp,0x14abc97,0x6a40cf88,,1782632328,21675159,6,6,true,1782632328,msvcr90.dll,_XcptFilter
-,jmp,0x14abc9d,0x6a3e04e0,,1782449376,21675165,6,6,true,1782449376,msvcr90.dll,_ismbblead
-,jmp,0x14abca3,0x6a40ce5a,,1782632026,21675171,348,6,true,1782632026,msvcr90.dll,_onexit
-,jmp,0x14abdff,0x6a3c21ee,,1782325742,21675519,6,348,true,1782325742,msvcr90.dll,_initterm
-,jmp,0x14abe05,0x6a3c2211,,1782325777,21675525,6,6,true,1782325777,msvcr90.dll,_initterm_e
-,jmp,0x14abe0b,0x6a40df51,,1782636369,21675531,86,6,true,1782636369,msvcr90.dll,_configthreadlocale
-,jmp,0x14abe61,0x6a3c1bff,,1782324223,21675617,12,86,true,1782324223,msvcr90.dll,__setusermatherr
-,jmp,0x14abe6d,0x6a3c2a99,,1782327961,21675629,6,12,true,1782327961,msvcr90.dll,__p__commode
-,jmp,0x14abe73,0x6a3c2ace,,1782328014,21675635,6,6,true,1782328014,msvcr90.dll,__p__fmode
-,jmp,0x14abe79,0x6a3c1be0,,1782324192,21675641,348,6,true,1782324192,msvcr90.dll,__set_app_type
-,jmp,0x14abfd5,0x6a411850,,1782650960,21675989,6,348,true,1782650960,msvcr90.dll,_except_handler4_common
-,jmp,0x14abfdb,0x6a411661,,1782650465,21675995,6,6,true,1782650465,msvcr90.dll,_crt_debugger_hook
-,jmp,0x14abfe1,0x6a3fc32f,,1782563631,21676001,6,6,true,1782563631,msvcr90.dll,?_type_info_dtor_internal_method@type_info@@QAEXXZ
-,jmp,0x14abfe7,0x6a40cb33,,1782631219,21676007,6,6,true,1782631219,msvcr90.dll,_invoke_watson
-,jmp,0x14abfed,0x731c1600,,1931220480,21676013,6,6,true,1931220480,wininet.dll,InternetCloseHandle
-,jmp,0x14abff3,0x73156350,,1930781520,21676019,6,6,true,1930781520,wininet.dll,InternetOpenA
-,jmp,0x14abff9,0x73185b10,,1930976016,21676025,6,6,true,1930976016,wininet.dll,InternetConnectA
-,jmp,0x14abfff,0x73229f90,,1931648912,21676031,6,6,true,1931648912,wininet.dll,InternetGetLastResponseInfoA
-,jmp,0x14ac005,0x7323d240,,1931727424,21676037,6,6,true,1931727424,wininet.dll,FtpCreateDirectoryA
-,jmp,0x14ac00b,0x7323ddc0,,1931730368,21676043,6,6,true,1931730368,wininet.dll,FtpSetCurrentDirectoryA
-,jmp,0x14ac011,0x7323da10,,1931729424,21676049,6,6,true,1931729424,wininet.dll,FtpPutFileA
-,jmp,0x14ac017,0x73250cf0,,1931807984,21676055,6,6,true,1931807984,wininet.dll,HttpOpenRequestA
-,jmp,0x14ac01d,0x731d8e20,,1931316768,21676061,6,6,true,1931316768,wininet.dll,HttpSendRequestExA
-,jmp,0x14ac023,0x7322a160,,1931649376,21676067,6,6,true,1931649376,wininet.dll,InternetSetFilePointer
-,jmp,0x14ac029,0x73152ce0,,1930767584,21676073,6,6,true,1930767584,wininet.dll,InternetWriteFile
-,jmp,0x14ac02f,0x731d4af0,,1931299568,21676079,6,6,true,1931299568,wininet.dll,HttpEndRequestA
-,jmp,0x14ac035,0x74411520,,1950422304,21676085,6,6,true,1950422304,version.dll,GetFileVersionInfoSizeA
-,jmp,0x14ac03b,0x74411500,,1950422272,21676091,6,6,true,1950422272,version.dll,GetFileVersionInfoA
-,jmp,0x14ac041,0x74411540,,1950422336,21676097,6,6,true,1950422336,version.dll,VerQueryValueA
-,jmp,0x14ac047,0x600533f0,,1610953712,21676103,4282,6,true,1610953712,dinput8.dll,DirectInput8Create
-,jmp,0x14ad101,0x6029b910,,1613347088,21680385,6,4282,true,1613347088,dbgcore.dll,MiniDumpWriteDump
-,jmp,0x14ad107,0x74314e70,,1949388400,21680391,6,6,true,1949388400,mswsock.dll,GetAcceptExSockaddrs
-,jmp,0x14ad10d,0x5e1e7ab6,,1579055798,21680397,6,6,true,1579055798,d3dx10_42.dll,D3DX10CompileFromMemory
-,jmp,0x14ad113,0x5dd81480,,1574442112,21680403,6,6,true,1574442112,neomon.dll,NIGS_4
-,jmp,0x14ad119,0x5dd81490,,1574442128,21680409,6,6,true,1574442128,neomon.dll,NIGS_5
-,jmp,0x14ad11f,0x5dd814b0,,1574442160,21680415,6,6,true,1574442160,neomon.dll,NIGS_7
-,jmp,0x14ad125,0x5dd814d0,,1574442192,21680421,6,6,true,1574442192,neomon.dll,NIGS_6
-,jmp,0x14ad12b,0x5dd811b0,,1574441392,21680427,6,6,true,1574441392,neomon.dll,NIGS_1
-,jmp,0x14ad131,0x5dd81200,,1574441472,21680433,6,6,true,1574441472,neomon.dll,NIGS_2
-,jmp,0x14ad137,0x5dd81380,,1574441856,21680439,6,6,true,1574441856,neomon.dll,NIGS_3
-,jmp,0x14ad13d,0x76ee2350,,1995318096,21680445,6,6,true,1995318096,ntdll.dll,RtlInterlockedPushEntrySList
-,jmp,0x14ad143,0x76ee2300,,1995318016,21680451,6,6,true,1995318016,ntdll.dll,RtlInterlockedPopEntrySList
-,jmp,0x14ad149,0x76f08df0,,1995476464,21680457,6,6,true,1995476464,ntdll.dll,RtlInitializeSListHead
-,jmp,0x14ad14f,0x758532f0,,1971663600,21680463,6,6,true,1971663600,kernel32.dll,SetEvent
-,jmp,0x14ad155,0x75852610,,1971660304,21680469,6,6,true,1971660304,kernel32.dll,ExpandEnvironmentStringsA
-,jmp,0x14ad15b,0x75853370,,1971663728,21680475,6,6,true,1971663728,kernel32.dll,CreateDirectoryA
-,jmp,0x14ad161,0x758520e0,,1971658976,21680481,6,6,true,1971658976,kernel32.dll,GetProcessAffinityMask
-,jmp,0x14ad167,0x758508b0,,1971652784,21680487,6,6,true,1971652784,kernel32.dll,SetErrorMode
-,jmp,0x14ad16d,0x758535f0,,1971664368,21680493,6,6,true,1971664368,kernel32.dll,GetFileTime
-,jmp,0x14ad173,0x758533b0,,1971663792,21680499,6,6,true,1971663792,kernel32.dll,CreateFileW
-,jmp,0x14ad179,0x7584f7d0,,1971648464,21680505,6,6,true,1971648464,kernel32.dll,LocalFree
-,jmp,0x14ad17f,0x75851e60,,1971658336,21680511,6,6,true,1971658336,kernel32.dll,FormatMessageW
-,jmp,0x14ad185,0x7588ad10,,1971891472,21680517,6,6,true,1971891472,kernel32.dll,OpenFile
-,jmp,0x14ad18b,0x75853360,,1971663712,21680523,6,6,true,1971663712,kernel32.dll,CompareFileTime
-,jmp,0x14ad191,0x75852640,,1971660352,21680529,6,6,true,1971660352,kernel32.dll,GetTickCount
-,jmp,0x14ad197,0x75853250,,1971663440,21680535,6,6,true,1971663440,kernel32.dll,InitializeCriticalSectionAndSpinCount
-,jmp,0x14ad19d,0x76f00f30,,1995444016,21680541,6,6,true,1995444016,ntdll.dll,RtlTryEnterCriticalSection
-,jmp,0x14ad1a3,0x75865340,,1971737408,21680547,6,6,true,1971737408,kernel32.dll,DebugBreak
-,jmp,0x14ad1a9,0x75841f60,,1971593056,21680553,6,6,true,1971593056,kernel32.dll,FindResourceW
-,jmp,0x14ad1af,0x7584fe60,,1971650144,21680559,6,6,true,1971650144,kernel32.dll,FindResourceExW
-,jmp,0x14ad1b5,0x76ee6070,,1995333744,21680565,6,6,true,1995333744,ntdll.dll,RtlAllocateHeap
-,jmp,0x14ad1bb,0x7584f620,,1971648032,21680571,6,6,true,1971648032,kernel32.dll,GetProcessHeap
-,jmp,0x14ad1c1,0x7584e200,,1971642880,21680577,6,6,true,1971642880,kernel32.dll,HeapFree
-,jmp,0x14ad1c7,0x76ee28e0,,1995319520,21680583,6,6,true,1995319520,ntdll.dll,RtlReAllocateHeap
-,jmp,0x14ad1cd,0x75851900,,1971656960,21680589,6,6,true,1971656960,kernel32.dll,GetSystemTime
-,jmp,0x14ad1d3,0x75853550,,1971664208,21680595,6,6,true,1971664208,kernel32.dll,GetDiskFreeSpaceW
-,jmp,0x14ad1d9,0x758664f0,,1971741936,21680601,6,6,true,1971741936,kernel32.dll,OutputDebugStringW
-,jmp,0x14ad1df,0x75844e90,,1971605136,21680607,6,6,true,1971605136,kernel32.dll,GlobalMemoryStatus
-,jmp,0x14ad1e5,0x75848fb0,,1971621808,21680613,6,6,true,1971621808,kernel32.dll,SetCurrentDirectoryW
-,jmp,0x14ad1eb,0x75848410,,1971618832,21680619,6,6,true,1971618832,kernel32.dll,GetLocaleInfoA
-,jmp,0x14ad1f1,0x75850a20,,1971653152,21680625,6,6,true,1971653152,kernel32.dll,Process32NextW
-,jmp,0x14ad1f7,0x75851ea0,,1971658400,21680631,6,6,true,1971658400,kernel32.dll,Process32FirstW
-,jmp,0x14ad1fd,0x75856a40,,1971677760,21680637,6,6,true,1971677760,kernel32.dll,CreateToolhelp32Snapshot
-,jmp,0x14ad203,0x75844d30,,1971604784,21680643,6,6,true,1971604784,kernel32.dll,InterlockedCompareExchange
-,jmp,0x14ad209,0x75848ae0,,1971620576,21680649,6,6,true,1971620576,kernel32.dll,GetCurrentDirectoryW
-,jmp,0x14ad20f,0x75853380,,1971663744,21680655,6,6,true,1971663744,kernel32.dll,CreateDirectoryW
-,jmp,0x14ad215,0x75851fd0,,1971658704,21680661,6,6,true,1971658704,kernel32.dll,QueueUserWorkItem
-,jmp,0x14ad21b,0x75851b40,,1971657536,21680667,6,6,true,1971657536,kernel32.dll,GetVersionExW
-,jmp,0x14ad221,0x75842e40,,1971596864,21680673,6,6,true,1971596864,kernel32.dll,InterlockedExchange
-,jmp,0x14ad227,0x75867140,,1971745088,21680679,6,6,true,1971745088,kernel32.dll,SetThreadPriorityBoost
-,jmp,0x14ad22d,0x75845100,,1971605760,21680685,6,6,true,1971605760,kernel32.dll,HeapValidate
-,jmp,0x14ad233,0x75850e90,,1971654288,21680691,6,6,true,1971654288,kernel32.dll,HeapDestroy
-,jmp,0x14ad239,0x75850ce0,,1971653856,21680697,6,6,true,1971653856,kernel32.dll,HeapCreate
-,jmp,0x14ad23f,0x75864f40,,1971736384,21680703,6,6,true,1971736384,kernel32.dll,CancelIo
-,jmp,0x14ad245,0x75853320,,1971663648,21680709,6,6,true,1971663648,kernel32.dll,WaitForMultipleObjects
-,jmp,0x14ad24b,0x758531d0,,1971663312,21680715,6,6,true,1971663312,kernel32.dll,CreateEventW
-,jmp,0x14ad251,0x75852540,,1971660096,21680721,6,6,true,1971660096,kernel32.dll,CreateIoCompletionPort
-,jmp,0x14ad257,0x75852500,,1971660032,21680727,6,6,true,1971660032,kernel32.dll,PostQueuedCompletionStatus
-,jmp,0x14ad25d,0x75852520,,1971660064,21680733,6,6,true,1971660064,kernel32.dll,GetQueuedCompletionStatus
-,jmp,0x14ad263,0x75853160,,1971663200,21680739,6,6,true,1971663200,kernel32.dll,DuplicateHandle
-,jmp,0x14ad269,0x758653b0,,1971737520,21680745,6,6,true,1971737520,kernel32.dll,DeleteTimerQueueTimer
-,jmp,0x14ad26f,0x758652e0,,1971737312,21680751,6,6,true,1971737312,kernel32.dll,CreateTimerQueueTimer
-,jmp,0x14ad275,0x758652d0,,1971737296,21680757,6,6,true,1971737296,kernel32.dll,CreateTimerQueue
-,jmp,0x14ad27b,0x75865390,,1971737488,21680763,6,6,true,1971737488,kernel32.dll,DeleteTimerQueueEx
-,jmp,0x14ad281,0x76ecb150,,1995223376,21680769,6,6,true,1995223376,ntdll.dll,RtlAddVectoredExceptionHandler
-,jmp,0x14ad287,0x75853230,,1971663408,21680775,6,6,true,1971663408,kernel32.dll,CreateSemaphoreW
-,jmp,0x14ad28d,0x76efbdc0,,1995423168,21680781,6,6,true,1995423168,ntdll.dll,RtlSizeHeap
-,jmp,0x14ad293,0x7584f660,,1971648096,21680787,6,6,true,1971648096,kernel32.dll,VirtualAlloc
-,jmp,0x14ad299,0x7584f760,,1971648352,21680793,6,6,true,1971648352,kernel32.dll,VirtualFree
-,jmp,0x14ad29f,0x75851f60,,1971658592,21680799,6,6,true,1971658592,kernel32.dll,GetTimeZoneInformation
-,jmp,0x14ad2a5,0x75850940,,1971652928,21680805,6,6,true,1971652928,kernel32.dll,GetLocaleInfoW
-,jmp,0x14ad2ab,0x75850d20,,1971653920,21680811,6,6,true,1971653920,kernel32.dll,GetThreadPriority
-,jmp,0x14ad2b1,0x75852380,,1971659648,21680817,6,6,true,1971659648,kernel32.dll,GetExitCodeThread
-,jmp,0x14ad2b7,0x75853310,,1971663632,21680823,6,6,true,1971663632,kernel32.dll,SleepEx
-,jmp,0x14ad2bd,0x75866500,,1971741952,21680829,6,6,true,1971741952,kernel32.dll,PeekNamedPipe
-,jmp,0x14ad2c3,0x75853600,,1971664384,21680835,6,6,true,1971664384,kernel32.dll,GetFileType
-,jmp,0x14ad2c9,0x758519a0,,1971657120,21680841,6,6,true,1971657120,kernel32.dll,GetStdHandle
-,jmp,0x14ad2cf,0x75856a20,,1971677728,21680847,6,6,true,1971677728,kernel32.dll,ExitProcess
-,jmp,0x14ad2d5,0x75850f20,,1971654432,21680853,6,6,true,1971654432,kernel32.dll,GetStartupInfoA
-,jmp,0x14ad2db,0x758672e0,,1971745504,21680859,6,6,true,1971745504,kernel32.dll,UnhandledExceptionFilter
-,jmp,0x14ad2e1,0x75852370,,1971659632,21680865,6,6,true,1971659632,kernel32.dll,IsDebuggerPresent
-,jmp,0x14ad2e7,0x7584f630,,1971648048,21680871,6,6,true,1971648048,kernel32.dll,GetSystemTimeAsFileTime
-,jmp,0x14ad2ed,0x75081ea0,,1963466400,21680877,6,6,true,1963466400,user32.dll,GetCursorInfo
-,jmp,0x14ad2f3,0x750c0ba0,,1963723680,21680883,6,6,true,1963723680,user32.dll,MessageBoxW
-,jmp,0x14ad2f9,0x75065560,,1963349344,21680889,6,6,true,1963349344,user32.dll,LoadStringA
-,jmp,0x14ad2ff,0x7507f5e0,,1963455968,21680895,6,6,true,1963455968,user32.dll,LoadStringW
-,jmp,0x14ad305,0x7507fb60,,1963457376,21680901,6,6,true,1963457376,user32.dll,GetKeyboardLayout
-,jmp,0x14ad30b,0x750ca160,,1963762016,21680907,6,6,true,1963762016,user32.dll,GetKeyboardLayoutNameA
-,jmp,0x14ad311,0x750815b0,,1963464112,21680913,6,6,true,1963464112,user32.dll,ActivateKeyboardLayout
-,jmp,0x14ad317,0x75081fb0,,1963466672,21680919,6,6,true,1963466672,user32.dll,GetKeyboardLayoutList
-,jmp,0x14ad31d,0x75082930,,1963469104,21680925,6,6,true,1963469104,user32.dll,SendInput
-,jmp,0x14ad323,0x7506b2e0,,1963373280,21680931,6,6,true,1963373280,user32.dll,MapVirtualKeyW
-,jmp,0x14ad329,0x75075600,,1963415040,21680937,6,6,true,1963415040,user32.dll,GetWindowInfo
-,jmp,0x14ad32f,0x75069cb0,,1963367600,21680943,6,6,true,1963367600,user32.dll,ToUnicodeEx
-,jmp,0x14ad335,0x76f28630,,1995605552,21680949,6,6,true,1995605552,ntdll.dll,NtdllDefWindowProc_W
-,jmp,0x14ad33b,0x7506c6b0,,1963378352,21680955,6,6,true,1963378352,user32.dll,ShowOwnedPopups
-,jmp,0x14ad341,0x750695d0,,1963365840,21680961,6,6,true,1963365840,user32.dll,UnregisterClassA
-,jmp,0x14ad347,0x75081be0,,1963465696,21680967,6,6,true,1963465696,user32.dll,DestroyWindow
-,jmp,0x14ad34d,0x75068bf0,,1963363312,21680973,6,6,true,1963363312,user32.dll,wvsprintfA
-,jmp,0x14ad353,0x75df4150,,1977565520,21680979,6,6,true,1977565520,gdi32.dll,GetGlyphOutlineW
-,jmp,0x14ad359,0x75df4710,,1977566992,21680985,6,6,true,1977566992,gdi32.dll,CreateFontW
-,jmp,0x14ad35f,0x75df87d0,,1977583568,21680991,6,6,true,1977583568,gdi32.dll,GetKerningPairsW
-,jmp,0x14ad365,0x75df8690,,1977583248,21680997,6,6,true,1977583248,gdi32.dll,EnumFontFamiliesExW
-,jmp,0x14ad36b,0x75df6f40,,1977577280,21681003,6,6,true,1977577280,gdi32.dll,GetTextMetricsW
-,jmp,0x14ad371,0x75d2f260,,1976758880,21681009,6,6,true,1976758880,advapi32.dll,RegCreateKeyExW
-,jmp,0x14ad377,0x75d2f220,,1976758816,21681015,6,6,true,1976758816,advapi32.dll,RegSetValueExW
-,jmp,0x14ad37d,0x75d2faf0,,1976761072,21681021,6,6,true,1976761072,advapi32.dll,CryptReleaseContext
-,jmp,0x14ad383,0x75d30920,,1976764704,21681027,6,6,true,1976764704,advapi32.dll,CryptGenRandom
-,jmp,0x14ad389,0x75d2f990,,1976760720,21681033,6,6,true,1976760720,advapi32.dll,CryptAcquireContextW
-,jmp,0x14ad38f,0x75d330e0,,1976774880,21681039,6,6,true,1976774880,advapi32.dll,RegEnumKeyExA
-,jmp,0x14ad395,0x75d2f130,,1976758576,21681045,6,6,true,1976758576,advapi32.dll,RegQueryInfoKeyW
-,jmp,0x14ad39b,0x75d2f540,,1976759616,21681051,6,6,true,1976759616,advapi32.dll,CryptCreateHash
-,jmp,0x14ad3a1,0x75d30160,,1976762720,21681057,6,6,true,1976762720,advapi32.dll,CryptAcquireContextA
-,jmp,0x14ad3a7,0x75d2f660,,1976759904,21681063,6,6,true,1976759904,advapi32.dll,CryptHashData
-,jmp,0x14ad3ad,0x75d2f970,,1976760688,21681069,6,6,true,1976760688,advapi32.dll,CryptDestroyHash
-,jmp,0x14ad3b3,0x75d2f2a0,,1976758944,21681075,6,6,true,1976758944,advapi32.dll,CryptGetHashParam
-,jmp,0x14ad3b9,0x763242b0,,1983005360,21681081,6,6,true,1983005360,shell32.dll,SHGetFolderPathW
-,jmp,0x14ad3bf,0x75a9d360,,1974063968,21681087,6,6,true,1974063968,combase.dll,CoInitializeEx
-,jmp,0x14ad3c5,0x75a92c40,,1974021184,21681093,6,6,true,1974021184,combase.dll,CoSetProxyBlanket
-,jmp,0x14ad3cb,0x75a82bf0,,1973955568,21681099,6,6,true,1973955568,combase.dll,CoTaskMemFree
-,jmp,0x14ad3d1,0x75423f50,,1967275856,21681105,6,6,true,1967275856,oleaut32.dll,SysStringLen
-,jmp,0x14ad3d7,0x7542f620,,1967322656,21681111,6,6,true,1967322656,oleaut32.dll,SysAllocStringByteLen
-,jmp,0x14ad3dd,0x75426520,,1967285536,21681117,6,6,true,1967285536,oleaut32.dll,SysStringByteLen
-,jmp,0x14ad3e3,0x7542e9e0,,1967319520,21681123,6,6,true,1967319520,oleaut32.dll,VariantClear
-,jmp,0x14ad3e9,0x75446dc0,,1967418816,21681129,6,6,true,1967418816,oleaut32.dll,GetErrorInfo
-,jmp,0x14ad3ef,0x7542d7d0,,1967314896,21681135,6,6,true,1967314896,oleaut32.dll,VariantChangeType
-,jmp,0x14ad3f5,0x75446dd0,,1967418832,21681141,6,6,true,1967418832,oleaut32.dll,SetErrorInfo
-,jmp,0x14ad3fb,0x75446db0,,1967418800,21681147,46181,6,true,1967418800,oleaut32.dll,CreateErrorInfo
-,jmp,0x14eddcd,0x72b7ccf0,,1924648176,21945805,6,80469,true,1924648176,d3d9.dll,D3DPERF_BeginEvent
-,jmp,0x14eddd3,0x72b7cd30,,1924648240,21945811,6,6,true,1924648240,d3d9.dll,D3DPERF_EndEvent
-,jmp,0x14eddd9,0x5dd302d0,,1574109904,21945817,6,6,true,1574109904,dsound.dll,DirectSoundCreate8
-,jmp,0x14edddf,0x7692ef70,,1989341040,21945823,6,6,true,1989341040,wldap32.dll,ldap_unbind_s
-,jmp,0x14edde5,0x768fb320,,1989128992,21945829,6,6,true,1989128992,wldap32.dll,ldap_msgfree
-,jmp,0x14eddeb,0x76929c60,,1989319776,21945835,6,6,true,1989319776,wldap32.dll,ldap_next_entry
-,jmp,0x14eddf1,0x7691e7e0,,1989273568,21945841,6,6,true,1989273568,wldap32.dll,ber_free
-,jmp,0x14eddf7,0x76911680,,1989219968,21945847,6,6,true,1989219968,wldap32.dll,ldap_next_attribute
-,jmp,0x14eddfd,0x7692fc80,,1989344384,21945853,6,6,true,1989344384,wldap32.dll,ldap_memfreeA
-,jmp,0x14ede03,0x768fb6f0,,1989129968,21945859,6,6,true,1989129968,wldap32.dll,ldap_value_free
-,jmp,0x14ede09,0x768f26b0,,1989093040,21945865,6,6,true,1989093040,wldap32.dll,ldap_get_values_len
-,jmp,0x14ede0f,0x76911540,,1989219648,21945871,6,6,true,1989219648,wldap32.dll,ldap_first_attribute
-,jmp,0x14ede15,0x76929740,,1989318464,21945877,6,6,true,1989318464,wldap32.dll,ldap_get_dnA
-,jmp,0x14ede1b,0x768f61d0,,1989108176,21945883,6,6,true,1989108176,wldap32.dll,ldap_first_entry
-,jmp,0x14ede21,0x7692a560,,1989322080,21945889,6,6,true,1989322080,wldap32.dll,ldap_search_sA
-,jmp,0x14ede27,0x76914120,,1989230880,21945895,6,6,true,1989230880,wldap32.dll,ldap_simple_bind_s
-,jmp,0x14ede2d,0x76921a20,,1989286432,21945901,6,6,true,1989286432,wldap32.dll,ldap_initA
-,jmp,0x14ede33,0x7691b120,,1989259552,21945907,6,6,true,1989259552,wldap32.dll,ldap_set_option
-,jmp,0x14ede39,0x7692fc00,,1989344256,21945913,16722,6,true,1989344256,wldap32.dll,ldap_err2stringA
-,jmp,0x14fc11d,0x74da5350,,1960465232,22003997,6,20444,true,1960465232,ws2_32.dll,htonl
-,jmp,0x14fc123,0x74dcbe30,,1960623664,22004003,6,6,true,1960623664,ws2_32.dll,inet_pton
-,jmp,0x14fc129,0x74dcce90,,1960627856,22004009,6,6,true,1960627856,ws2_32.dll,getnameinfo
-,jmp,0x14fc12f,0x74da5350,,1960465232,22004015,6,6,true,1960465232,ws2_32.dll,htonl
-,jmp,0x14fc135,0x6a3f9405,,1782551557,22004021,6,6,true,1782551557,msvcr90.dll,_strlwr
-,jmp,0x14fc13b,0x6a406caa,,1782607018,22004027,6,6,true,1782607018,msvcr90.dll,_close
-,jmp,0x14fc141,0x6a409c98,,1782619288,22004033,6,6,true,1782619288,msvcr90.dll,_write
-,jmp,0x14fc147,0x6a4077d5,,1782609877,22004039,6,6,true,1782609877,msvcr90.dll,_open
-,jmp,0x14fc14d,0x6a4092b6,,1782616758,22004045,6,6,true,1782616758,msvcr90.dll,_read
-,jmp,0x14fc153,0x6a3c83cf,,1782350799,22004051,6,6,true,1782350799,msvcr90.dll,_chdir
-,jmp,0x14fc159,0x6a3c95c1,,1782355393,22004057,6,6,true,1782355393,msvcr90.dll,_stat64i32
-,jmp,0x14fc15f,0x6a3d0b55,,1782385493,22004063,6,6,true,1782385493,msvcr90.dll,_fseeki64
-,jmp,0x14fc165,0x6a3d21b1,,1782391217,22004069,6,6,true,1782391217,msvcr90.dll,printf_s
-,jmp,0x14fc16b,0x6a3d338c,,1782395788,22004075,6,6,true,1782395788,msvcr90.dll,_snwprintf_s
-,jmp,0x14fc171,0x6a3d6292,,1782407826,22004081,6,6,true,1782407826,msvcr90.dll,wprintf_s
-,jmp,0x14fc177,0x5e209600,,1579193856,22004087,6,6,true,1579193856,d3dx10_42.dll,D3DX10SaveTextureToMemory
-,jmp,0x14fc17d,0x5e2078f9,,1579186425,22004093,6,6,true,1579186425,d3dx10_42.dll,D3DX10LoadTextureFromTexture
-,jmp,0x14fc183,0x75853dd0,,1971666384,22004099,32977,6,true,1971666384,kernel32.dll,SetConsoleTextAttribute
